dpus,tasklets,gemv.M.mram,gemv.M.wram,gemv.K.mram,gemv.K.wram,gemv.order[0],gemv.order[1],visited,valid,cost,eval_iter,eval_time_ms,cpu_time_ms
64,1,16,1,1024,1,1,2,1,1,12.6657,0,145,50
64,1,16,1,1024,2,1,2,1,1,14.7264,0,255,48
64,1,16,1,1024,4,1,2,1,1,11.569,0,163,53
64,1,16,1,1024,8,1,2,1,1,9.905,0,157,53
64,1,16,1,1024,16,1,2,1,1,9.18199,0,146,64
64,1,16,1,1024,32,1,2,1,1,8.76675,0,370,77
64,1,16,1,1024,64,1,2,1,1,8.56819,0,300,105
64,1,16,1,1024,128,1,2,1,1,8.47021,0,857,224
64,1,16,1,1024,256,1,2,1,1,8.42987,0,2059,634
64,1,16,1,1024,512,1,2,1,1,8.53291,0,319,64
64,1,16,1,1024,1024,1,2,1,1,8.35866,0,241,58
64,1,16,2,1024,1,1,2,1,1,19.614,0,218,57
64,1,16,2,1024,2,1,2,1,1,17.907,0,183,48
64,1,16,2,1024,4,1,2,1,1,16.2856,0,202,43
64,1,16,2,1024,8,1,2,1,1,15.5081,0,199,51
64,1,16,2,1024,16,1,2,1,1,15.1197,0,270,67
64,1,16,2,1024,32,1,2,1,1,14.9165,0,278,78
64,1,16,2,1024,64,1,2,1,1,14.8176,0,488,187
64,1,16,2,1024,128,1,2,1,1,14.8393,0,296,64
64,1,16,2,1024,256,1,2,1,1,14.8146,0,285,64
64,1,16,2,1024,512,1,2,1,1,14.7496,0,250,64
64,1,16,2,1024,1024,1,2,1,1,8.00653,0,264,56
64,1,16,4,1024,1,1,2,1,1,17.5357,0,91,35
64,1,16,4,1024,2,1,2,1,1,16.3821,0,125,32
64,1,16,4,1024,4,1,2,1,1,15.497,0,157,36
64,1,16,4,1024,8,1,2,1,1,15.0169,0,221,47
64,1,16,4,1024,16,1,2,1,1,14.7948,0,344,82
64,1,16,4,1024,32,1,2,1,1,15.3285,0,126,44
64,1,16,4,1024,64,1,2,1,1,15.2049,0,179,45
64,1,16,4,1024,128,1,2,1,1,15.1436,0,188,46
64,1,16,4,1024,256,1,2,1,1,15.0608,0,163,44
64,1,16,4,1024,512,1,2,1,1,15.0195,0,155,41
64,1,16,4,1024,1024,1,2,1,1,8.31646,0,182,39
64,1,16,8,1024,1,1,2,1,1,16.454,0,178,43
64,1,16,8,1024,2,1,2,1,1,15.6741,0,91,39
64,1,16,8,1024,4,1,2,1,1,15.0758,0,254,52
64,1,16,8,1024,8,1,2,1,1,14.7755,0,368,86
64,1,16,8,1024,16,1,2,1,1,14.6323,0,817,205
64,1,16,8,1024,32,1,2,1,1,15.264,0,147,43
64,1,16,8,1024,64,1,2,1,1,15.1665,0,160,44
64,1,16,8,1024,128,1,2,1,1,15.0649,0,188,44
64,1,16,8,1024,256,1,2,1,1,15.0144,0,179,44
64,1,16,8,1024,512,1,2,1,1,14.9892,0,170,42
64,1,16,8,1024,1024,1,2,1,1,8.30841,0,110,39
64,1,16,16,1024,1,1,2,1,1,15.9676,0,183,53
64,1,16,16,1024,2,1,2,1,1,15.2931,0,188,53
64,1,16,16,1024,4,1,2,1,1,14.8693,0,259,88
64,1,16,16,1024,8,1,2,1,1,14.6547,0,877,204
64,1,16,16,1024,16,1,2,1,1,14.7286,0,134,35
64,1,16,16,1024,32,1,2,1,1,15.232,0,141,41
64,1,16,16,1024,64,1,2,1,1,15.0942,0,173,40
64,1,16,16,1024,128,1,2,1,1,15.0253,0,152,41
64,1,16,16,1024,256,1,2,1,1,14.991,0,170,40
64,1,16,16,1024,512,1,2,1,1,14.9739,0,168,40
64,1,32,1,512,1,1,2,1,1,19.3228,0,196,48
64,1,32,1,512,1,2,1,1,1,19.3228,0,212,45
64,1,32,1,512,2,1,2,1,1,21.3845,0,164,44
64,1,32,1,512,2,2,1,1,1,21.3845,0,164,41
64,1,32,1,512,4,1,2,1,1,18.2271,0,180,45
64,1,32,1,512,4,2,1,1,1,18.2271,0,166,46
64,1,32,1,512,8,1,2,1,1,16.563,0,172,45
64,1,32,1,512,8,2,1,1,1,16.563,0,182,45
64,1,32,1,512,16,1,2,1,1,15.8401,0,218,52
64,1,32,1,512,16,2,1,1,1,15.8401,0,211,53
64,1,32,1,512,32,1,2,1,1,15.4248,0,289,66
64,1,32,1,512,32,2,1,1,1,15.4248,0,196,66
64,1,32,1,512,64,1,2,1,1,15.2262,0,446,105
64,1,32,1,512,64,2,1,1,1,15.2262,0,379,104
64,1,32,1,512,128,1,2,1,1,15.1283,0,1030,248
64,1,32,1,512,128,2,1,1,1,15.1283,0,908,245
64,1,32,1,512,256,1,2,1,1,15.0879,0,2942,729
64,1,32,1,512,256,2,1,1,1,15.0879,0,2822,749
64,1,32,1,512,512,1,2,1,1,15.0746,0,217,55
64,1,32,1,512,512,2,1,1,1,15.0746,0,183,54
64,1,32,2,512,1,1,2,1,1,19.6127,0,205,44
64,1,32,2,512,1,2,1,1,1,19.6127,0,165,44
64,1,32,2,512,2,1,2,1,1,17.9062,0,176,41
64,1,32,2,512,2,2,1,1,1,17.9062,0,195,43
64,1,32,2,512,4,1,2,1,1,16.2848,0,186,43
64,1,32,2,512,4,2,1,1,1,16.2848,0,200,44
64,1,32,2,512,8,1,2,1,1,15.5073,0,181,47
64,1,32,2,512,8,2,1,1,1,15.5073,0,206,49
64,1,32,2,512,16,1,2,1,1,15.1188,0,214,59
64,1,32,2,512,16,2,1,1,1,15.1188,0,271,62
64,1,32,2,512,32,1,2,1,1,14.9156,0,357,95
64,1,32,2,512,32,2,1,1,1,14.9156,0,359,96
64,1,32,2,512,64,1,2,1,1,14.8167,0,952,227
64,1,32,2,512,64,2,1,1,1,14.8167,0,838,224
64,1,32,2,512,128,1,2,1,1,14.8385,0,264,75
64,1,32,2,512,128,2,1,1,1,14.8385,0,334,82
64,1,32,2,512,256,1,2,1,1,14.8138,0,286,76
64,1,32,2,512,256,2,1,1,1,14.8138,0,374,79
64,1,32,2,512,512,1,2,1,1,14.6921,0,304,72
64,1,32,2,512,512,2,1,1,1,14.6921,0,284,70
64,1,32,4,512,1,1,2,1,1,17.5328,0,194,45
64,1,32,4,512,1,2,1,1,1,17.5328,0,215,46
64,1,32,4,512,2,1,2,1,1,16.3793,0,162,43
64,1,32,4,512,2,2,1,1,1,16.3793,0,138,42
64,1,32,4,512,4,1,2,1,1,15.4943,0,137,47
64,1,32,4,512,4,2,1,1,1,15.4943,0,198,51
64,1,32,4,512,8,1,2,1,1,15.0142,0,226,60
64,1,32,4,512,8,2,1,1,1,15.0142,0,248,62
64,1,32,4,512,16,1,2,1,1,14.792,0,314,95
64,1,32,4,512,16,2,1,1,1,14.792,0,332,100
64,1,32,4,512,32,1,2,1,1,15.3257,0,252,56
64,1,32,4,512,32,2,1,1,1,15.3257,0,271,56
64,1,32,4,512,64,1,2,1,1,15.2022,0,241,53
64,1,32,4,512,64,2,1,1,1,15.2022,0,223,55
64,1,32,4,512,128,1,2,1,1,15.1408,0,178,53
64,1,32,4,512,128,2,1,1,1,15.1408,0,195,55
64,1,32,4,512,256,1,2,1,1,15.058,0,203,57
64,1,32,4,512,256,2,1,1,1,15.058,0,214,57
64,1,32,4,512,512,1,2,1,1,14.9902,0,198,50
64,1,32,4,512,512,2,1,1,1,14.9902,0,232,51
64,1,32,8,512,1,1,2,1,1,16.4503,0,231,54
64,1,32,8,512,1,2,1,1,1,16.4503,0,260,55
64,1,32,8,512,2,1,2,1,1,15.6705,0,224,53
64,1,32,8,512,2,2,1,1,1,15.6705,0,227,53
64,1,32,8,512,4,1,2,1,1,15.0722,0,215,64
64,1,32,8,512,4,2,1,1,1,15.0722,0,271,69
64,1,32,8,512,8,1,2,1,1,14.7718,0,443,104
64,1,32,8,512,8,2,1,1,1,14.7718,0,427,104
64,1,32,8,512,16,1,2,1,1,14.6286,0,901,235
64,1,32,8,512,16,2,1,1,1,14.6286,0,804,234
64,1,32,8,512,32,1,2,1,1,15.2604,0,238,56
64,1,32,8,512,32,2,1,1,1,15.2604,0,239,57
64,1,32,8,512,64,1,2,1,1,15.1628,0,247,57
64,1,32,8,512,64,2,1,1,1,15.1628,0,231,55
64,1,32,8,512,128,1,2,1,1,15.0612,0,265,56
64,1,32,8,512,128,2,1,1,1,15.0612,0,259,57
64,1,32,8,512,256,1,2,1,1,15.0108,0,235,55
64,1,32,8,512,256,2,1,1,1,15.0108,0,260,57
64,1,32,8,512,512,1,2,1,1,14.9741,0,238,51
64,1,32,8,512,512,2,1,1,1,14.9741,0,204,52
64,1,32,16,512,1,1,2,1,1,15.9636,0,329,80
64,1,32,16,512,1,2,1,1,1,15.9636,0,346,79
64,1,32,16,512,2,1,2,1,1,15.2892,0,316,78
64,1,32,16,512,2,2,1,1,1,15.2892,0,348,79
64,1,32,16,512,4,1,2,1,1,14.8655,0,437,118
64,1,32,16,512,4,2,1,1,1,14.8655,0,467,121
64,1,32,16,512,8,1,2,1,1,14.6509,0,1052,258
64,1,32,16,512,8,2,1,1,1,14.6509,0,1099,260
64,1,32,16,512,16,1,2,1,1,14.7248,0,197,52
64,1,32,16,512,16,2,1,1,1,14.7248,0,231,54
64,1,32,16,512,32,1,2,1,1,15.2282,0,224,58
64,1,32,16,512,32,2,1,1,1,15.2282,0,241,60
64,1,32,16,512,64,1,2,1,1,15.0904,0,217,57
64,1,32,16,512,64,2,1,1,1,15.0904,0,210,57
64,1,32,16,512,128,1,2,1,1,15.0215,0,244,56
64,1,32,16,512,128,2,1,1,1,15.0215,0,221,59
64,1,32,16,512,256,1,2,1,1,14.9872,0,232,56
64,1,32,16,512,256,2,1,1,1,14.9872,0,226,56
64,1,32,16,512,512,1,2,1,1,14.9661,0,185,55
64,1,32,16,512,512,2,1,1,1,14.9661,0,194,56
64,1,32,32,512,1,1,2,1,1,15.6934,0,553,137
64,1,32,32,512,1,2,1,1,1,15.6934,0,576,142
64,1,32,32,512,2,1,2,1,1,15.1029,0,592,148
64,1,32,32,512,2,2,1,1,1,15.1029,0,668,147
64,1,32,32,512,4,1,2,1,1,14.7622,0,1232,305
64,1,32,32,512,4,2,1,1,1,14.7622,0,1094,306
64,1,32,32,512,8,1,2,1,1,14.7683,0,238,52
64,1,32,32,512,8,2,1,1,1,14.7683,0,207,54
64,1,32,32,512,16,1,2,1,1,14.679,0,213,51
64,1,32,32,512,16,2,1,1,1,14.679,0,181,49
64,1,32,32,512,32,1,2,1,1,15.1595,0,228,55
64,1,32,32,512,32,2,1,1,1,15.1595,0,199,57
64,1,32,32,512,64,1,2,1,1,15.0544,0,208,55
64,1,32,32,512,64,2,1,1,1,15.0544,0,246,59
64,1,32,32,512,128,1,2,1,1,15.0018,0,175,54
64,1,32,32,512,128,2,1,1,1,15.0018,0,175,55
64,1,32,32,512,256,1,2,1,1,14.9756,0,236,56
64,1,32,32,512,256,2,1,1,1,14.9756,0,243,56
64,1,64,1,256,1,1,2,1,1,19.3394,0,146,44
64,1,64,1,256,1,2,1,1,1,19.3394,0,193,44
64,1,64,1,256,2,1,2,1,1,21.4032,0,132,41
64,1,64,1,256,2,2,1,1,1,21.4032,0,191,43
64,1,64,1,256,4,1,2,1,1,18.2458,0,199,44
64,1,64,1,256,4,2,1,1,1,18.2458,0,216,43
64,1,64,1,256,8,1,2,1,1,16.5817,0,216,46
64,1,64,1,256,8,2,1,1,1,16.5817,0,192,48
64,1,64,1,256,16,1,2,1,1,15.8588,0,197,51
64,1,64,1,256,16,2,1,1,1,15.8588,0,213,51
64,1,64,1,256,32,1,2,1,1,15.4435,0,255,66
64,1,64,1,256,32,2,1,1,1,15.4435,0,305,64
64,1,64,1,256,64,1,2,1,1,15.2449,0,424,109
64,1,64,1,256,64,2,1,1,1,15.2449,0,456,107
64,1,64,1,256,128,1,2,1,1,15.147,0,1037,255
64,1,64,1,256,128,2,1,1,1,15.147,0,851,244
64,1,64,1,256,256,1,2,1,1,15.1018,0,218,52
64,1,64,1,256,256,2,1,1,1,15.1018,0,216,54
64,1,64,2,256,1,1,2,1,1,19.6279,0,191,43
64,1,64,2,256,1,2,1,1,1,19.6279,0,197,42
64,1,64,2,256,2,1,2,1,1,17.9224,0,191,41
64,1,64,2,256,2,2,1,1,1,17.9224,0,207,40
64,1,64,2,256,4,1,2,1,1,16.301,0,166,43
64,1,64,2,256,4,2,1,1,1,16.301,0,188,43
64,1,64,2,256,8,1,2,1,1,15.5234,0,166,47
64,1,64,2,256,8,2,1,1,1,15.5234,0,207,46
64,1,64,2,256,16,1,2,1,1,15.135,0,231,58
64,1,64,2,256,16,2,1,1,1,15.135,0,234,58
64,1,64,2,256,32,1,2,1,1,14.9318,0,362,94
64,1,64,2,256,32,2,1,1,1,14.9318,0,406,95
64,1,64,2,256,64,1,2,1,1,14.8329,0,996,234
64,1,64,2,256,64,2,1,1,1,14.8329,0,936,237
64,1,64,2,256,128,1,2,1,1,14.8547,0,318,76
64,1,64,2,256,128,2,1,1,1,14.8547,0,313,78
64,1,64,2,256,256,1,2,1,1,14.7644,0,311,71
64,1,64,2,256,256,2,1,1,1,14.7644,0,305,71
64,1,64,4,256,1,1,2,1,1,17.5447,0,210,45
64,1,64,4,256,1,2,1,1,1,17.5447,0,226,48
64,1,64,4,256,2,1,2,1,1,16.3918,0,185,43
64,1,64,4,256,2,2,1,1,1,16.3918,0,221,47
64,1,64,4,256,4,1,2,1,1,15.5067,0,216,48
64,1,64,4,256,4,2,1,1,1,15.5067,0,199,50
64,1,64,4,256,8,1,2,1,1,15.0266,0,279,63
64,1,64,4,256,8,2,1,1,1,15.0266,0,277,62
64,1,64,4,256,16,1,2,1,1,14.8045,0,424,105
64,1,64,4,256,16,2,1,1,1,14.8045,0,461,105
64,1,64,4,256,32,1,2,1,1,15.3381,0,250,58
64,1,64,4,256,32,2,1,1,1,15.3381,0,243,59
64,1,64,4,256,64,1,2,1,1,15.2146,0,265,58
64,1,64,4,256,64,2,1,1,1,15.2146,0,263,60
64,1,64,4,256,128,1,2,1,1,15.1533,0,270,62
64,1,64,4,256,128,2,1,1,1,15.1533,0,263,64
64,1,64,4,256,256,1,2,1,1,15.0386,0,232,54
64,1,64,4,256,256,2,1,1,1,15.0386,0,251,56
64,1,64,8,256,1,1,2,1,1,16.4606,0,209,61
64,1,64,8,256,1,2,1,1,1,16.4606,0,226,59
64,1,64,8,256,2,1,2,1,1,15.6811,0,239,57
64,1,64,8,256,2,2,1,1,1,15.6811,0,196,58
64,1,64,8,256,4,1,2,1,1,15.0828,0,249,71
64,1,64,8,256,4,2,1,1,1,15.0828,0,301,72
64,1,64,8,256,8,1,2,1,1,14.7825,0,410,113
64,1,64,8,256,8,2,1,1,1,14.7825,0,462,114
64,1,64,8,256,16,1,2,1,1,14.6392,0,1137,266
64,1,64,8,256,16,2,1,1,1,14.6392,0,1072,263
64,1,64,8,256,32,1,2,1,1,15.271,0,262,62
64,1,64,8,256,32,2,1,1,1,15.271,0,264,62
64,1,64,8,256,64,1,2,1,1,15.1734,0,255,62
64,1,64,8,256,64,2,1,1,1,15.1734,0,223,61
64,1,64,8,256,128,1,2,1,1,15.0718,0,248,61
64,1,64,8,256,128,2,1,1,1,15.0718,0,223,62
64,1,64,8,256,256,1,2,1,1,15.0064,0,218,57
64,1,64,8,256,256,2,1,1,1,15.0064,0,238,57
64,1,64,16,256,1,1,2,1,1,15.9733,0,346,87
64,1,64,16,256,1,2,1,1,1,15.9733,0,372,90
64,1,64,16,256,2,1,2,1,1,15.299,0,364,87
64,1,64,16,256,2,2,1,1,1,15.299,0,362,88
64,1,64,16,256,4,1,2,1,1,14.8752,0,414,131
64,1,64,16,256,4,2,1,1,1,14.8752,0,583,133
64,1,64,16,256,8,1,2,1,1,14.6606,0,1029,295
64,1,64,16,256,8,2,1,1,1,14.6606,0,1033,292
64,1,64,16,256,16,1,2,1,1,14.7345,0,237,58
64,1,64,16,256,16,2,1,1,1,14.7345,0,254,58
64,1,64,16,256,32,1,2,1,1,15.2379,0,189,62
64,1,64,16,256,32,2,1,1,1,15.2379,0,231,62
64,1,64,16,256,64,1,2,1,1,15.1001,0,292,65
64,1,64,16,256,64,2,1,1,1,15.1001,0,281,66
64,1,64,16,256,128,1,2,1,1,15.0312,0,273,64
64,1,64,16,256,128,2,1,1,1,15.0312,0,216,62
64,1,64,16,256,256,1,2,1,1,14.9903,0,279,60
64,1,64,16,256,256,2,1,1,1,14.9903,0,238,59
64,1,64,32,256,1,1,2,1,1,15.7028,0,745,182
64,1,64,32,256,1,2,1,1,1,15.7028,0,830,183
64,1,64,32,256,2,1,2,1,1,15.1124,0,892,195
64,1,64,32,256,2,2,1,1,1,15.1124,0,821,197
64,1,64,32,256,4,1,2,1,1,14.7717,0,1574,382
64,1,64,32,256,4,2,1,1,1,14.7717,0,1612,389
64,1,64,32,256,8,1,2,1,1,14.7778,0,245,64
64,1,64,32,256,8,2,1,1,1,14.7778,0,297,66
64,1,64,32,256,16,1,2,1,1,14.6885,0,318,62
64,1,64,32,256,16,2,1,1,1,14.6885,0,265,63
64,1,64,32,256,32,1,2,1,1,15.169,0,318,67
64,1,64,32,256,32,2,1,1,1,15.169,0,296,68
64,1,64,32,256,64,1,2,1,1,15.0639,0,303,69
64,1,64,32,256,64,2,1,1,1,15.0639,0,309,69
64,1,64,32,256,128,1,2,1,1,15.0113,0,318,66
64,1,64,32,256,128,2,1,1,1,15.0113,0,292,69
64,1,64,32,256,256,1,2,1,1,14.9828,0,263,63
64,1,64,32,256,256,2,1,1,1,14.9828,0,275,63
64,1,64,64,256,1,1,2,1,1,15.5723,0,1993,479
64,1,64,64,256,1,2,1,1,1,15.5723,0,1771,453
64,1,64,64,256,2,1,2,1,1,15.0195,0,2470,604
64,1,64,64,256,2,2,1,1,1,15.0195,0,2273,599
64,1,64,64,256,4,1,2,1,1,15.0592,0,297,66
64,1,64,64,256,4,2,1,1,1,15.0592,0,284,68
64,1,64,64,256,8,1,2,1,1,14.7429,0,319,72
64,1,64,64,256,8,2,1,1,1,14.7429,0,324,71
64,1,64,64,256,16,1,2,1,1,14.6132,0,253,69
64,1,64,64,256,16,2,1,1,1,14.6132,0,292,69
64,1,64,64,256,32,1,2,1,1,15.135,0,355,75
64,1,64,64,256,32,2,1,1,1,15.135,0,363,76
64,1,64,64,256,64,1,2,1,1,15.0463,0,348,74
64,1,64,64,256,64,2,1,1,1,15.0463,0,340,75
64,1,64,64,256,128,1,2,1,1,15.0019,0,331,74
64,1,64,64,256,128,2,1,1,1,15.0019,0,288,73
64,1,128,1,128,1,1,2,1,1,19.3647,0,218,49
64,1,128,1,128,1,2,1,1,1,19.3647,0,217,50
64,1,128,1,128,2,1,2,1,1,21.4324,0,213,47
64,1,128,1,128,2,2,1,1,1,21.4324,0,218,46
64,1,128,1,128,4,1,2,1,1,18.2751,0,200,47
64,1,128,1,128,4,2,1,1,1,18.2751,0,203,48
64,1,128,1,128,8,1,2,1,1,16.611,0,207,48
64,1,128,1,128,8,2,1,1,1,16.611,0,228,49
64,1,128,1,128,16,1,2,1,1,15.888,0,237,56
64,1,128,1,128,16,2,1,1,1,15.888,0,248,58
64,1,128,1,128,32,1,2,1,1,15.4728,0,332,74
64,1,128,1,128,32,2,1,1,1,15.4728,0,308,71
64,1,128,1,128,64,1,2,1,1,15.2743,0,453,118
64,1,128,1,128,64,2,1,1,1,15.2743,0,495,118
64,1,128,1,128,128,1,2,1,1,15.1514,0,241,57
64,1,128,1,128,128,2,1,1,1,15.1514,0,239,57
64,1,128,2,128,1,1,2,1,1,19.6501,0,210,47
64,1,128,2,128,1,2,1,1,1,19.6501,0,219,47
64,1,128,2,128,2,1,2,1,1,17.9466,0,188,44
64,1,128,2,128,2,2,1,1,1,17.9466,0,192,46
64,1,128,2,128,4,1,2,1,1,16.3253,0,205,46
64,1,128,2,128,4,2,1,1,1,16.3253,0,211,47
64,1,128,2,128,8,1,2,1,1,15.5477,0,230,50
64,1,128,2,128,8,2,1,1,1,15.5477,0,220,52
64,1,128,2,128,16,1,2,1,1,15.1593,0,254,66
64,1,128,2,128,16,2,1,1,1,15.1593,0,285,64
64,1,128,2,128,32,1,2,1,1,14.9561,0,419,106
64,1,128,2,128,32,2,1,1,1,14.9561,0,432,106
64,1,128,2,128,64,1,2,1,1,14.8572,0,991,249
64,1,128,2,128,64,2,1,1,1,14.8572,0,1030,256
64,1,128,2,128,128,1,2,1,1,14.7974,0,278,81
64,1,128,2,128,128,2,1,1,1,14.7974,0,227,75
64,1,128,4,128,1,1,2,1,1,17.5604,0,226,51
64,1,128,4,128,1,2,1,1,1,17.5604,0,219,51
64,1,128,4,128,2,1,2,1,1,16.4085,0,198,49
64,1,128,4,128,2,2,1,1,1,16.4085,0,206,48
64,1,128,4,128,4,1,2,1,1,15.5234,0,156,53
64,1,128,4,128,4,2,1,1,1,15.5234,0,198,55
64,1,128,4,128,8,1,2,1,1,15.0433,0,244,70
64,1,128,4,128,8,2,1,1,1,15.0433,0,224,68
64,1,128,4,128,16,1,2,1,1,14.8212,0,401,103
64,1,128,4,128,16,2,1,1,1,14.8212,0,474,113
64,1,128,4,128,32,1,2,1,1,15.3549,0,227,59
64,1,128,4,128,32,2,1,1,1,15.3549,0,229,58
64,1,128,4,128,64,1,2,1,1,15.2314,0,265,60
64,1,128,4,128,64,2,1,1,1,15.2314,0,214,64
64,1,128,4,128,128,1,2,1,1,15.1298,0,240,55
64,1,128,4,128,128,2,1,1,1,15.1298,0,203,58
64,1,128,8,128,1,1,2,1,1,16.4732,0,229,61
64,1,128,8,128,1,2,1,1,1,16.4732,0,183,60
64,1,128,8,128,2,1,2,1,1,15.6942,0,244,55
64,1,128,8,128,2,2,1,1,1,15.6942,0,228,55
64,1,128,8,128,4,1,2,1,1,15.0959,0,239,74
64,1,128,8,128,4,2,1,1,1,15.0959,0,281,72
64,1,128,8,128,8,1,2,1,1,14.7955,0,454,115
64,1,128,8,128,8,2,1,1,1,14.7955,0,443,111
64,1,128,8,128,16,1,2,1,1,14.6523,0,951,257
64,1,128,8,128,16,2,1,1,1,14.6523,0,958,259
64,1,128,8,128,32,1,2,1,1,15.2841,0,244,62
64,1,128,8,128,32,2,1,1,1,15.2841,0,231,63
64,1,128,8,128,64,1,2,1,1,15.1865,0,241,61
64,1,128,8,128,64,2,1,1,1,15.1865,0,250,60
64,1,128,8,128,128,1,2,1,1,15.0653,0,243,57
64,1,128,8,128,128,2,1,1,1,15.0653,0,219,59
64,1,128,16,128,1,1,2,1,1,15.9844,0,381,90
64,1,128,16,128,1,2,1,1,1,15.9844,0,374,88
64,1,128,16,128,2,1,2,1,1,15.3103,0,289,86
64,1,128,16,128,2,2,1,1,1,15.3103,0,390,88
64,1,128,16,128,4,1,2,1,1,14.8866,0,444,133
64,1,128,16,128,4,2,1,1,1,14.8866,0,474,133
64,1,128,16,128,8,1,2,1,1,14.672,0,1030,293
64,1,128,16,128,8,2,1,1,1,14.672,0,1239,298
64,1,128,16,128,16,1,2,1,1,14.7458,0,219,62
64,1,128,16,128,16,2,1,1,1,14.7458,0,175,58
64,1,128,16,128,32,1,2,1,1,15.2493,0,266,66
64,1,128,16,128,32,2,1,1,1,15.2493,0,270,66
64,1,128,16,128,64,1,2,1,1,15.1115,0,250,61
64,1,128,16,128,64,2,1,1,1,15.1115,0,221,65
64,1,128,16,128,128,1,2,1,1,15.0333,0,262,59
64,1,128,16,128,128,2,1,1,1,15.0333,0,192,57
64,1,128,32,128,1,1,2,1,1,15.7131,0,809,194
64,1,128,32,128,1,2,1,1,1,15.7131,0,711,185
64,1,128,32,128,2,1,2,1,1,15.1228,0,469,191
64,1,128,32,128,2,2,1,1,1,15.1228,0,874,199
64,1,128,32,128,4,1,2,1,1,14.7821,0,1631,388
64,1,128,32,128,4,2,1,1,1,14.7821,0,1362,378
64,1,128,32,128,8,1,2,1,1,14.7882,0,224,65
64,1,128,32,128,8,2,1,1,1,14.7882,0,244,61
64,1,128,32,128,16,1,2,1,1,14.6989,0,212,63
64,1,128,32,128,16,2,1,1,1,14.6989,0,244,62
64,1,128,32,128,32,1,2,1,1,15.1794,0,216,68
64,1,128,32,128,32,2,1,1,1,15.1794,0,313,71
64,1,128,32,128,64,1,2,1,1,15.0743,0,299,70
64,1,128,32,128,64,2,1,1,1,15.0743,0,222,68
64,1,128,32,128,128,1,2,1,1,15.0176,0,188,63
64,1,128,32,128,128,2,1,1,1,15.0176,0,268,65
64,1,128,64,128,1,1,2,1,1,15.5825,0,2137,576
64,1,128,64,128,1,2,1,1,1,15.5825,0,1936,569
64,1,128,64,128,2,1,2,1,1,15.0297,0,2155,686
64,1,128,64,128,2,2,1,1,1,15.0297,0,1851,681
64,1,128,64,128,4,1,2,1,1,15.0693,0,315,73
64,1,128,64,128,4,2,1,1,1,15.0693,0,224,72
64,1,128,64,128,8,1,2,1,1,14.7531,0,267,80
64,1,128,64,128,8,2,1,1,1,14.7531,0,256,80
64,1,128,64,128,16,1,2,1,1,14.6234,0,260,80
64,1,128,64,128,16,2,1,1,1,14.6234,0,284,81
64,1,128,64,128,32,1,2,1,1,15.1452,0,323,82
64,1,128,64,128,32,2,1,1,1,15.1452,0,176,84
64,1,128,64,128,64,1,2,1,1,15.0564,0,341,85
64,1,128,64,128,64,2,1,1,1,15.0564,0,424,84
64,1,128,64,128,128,1,2,1,1,15.0106,0,266,78
64,1,128,64,128,128,2,1,1,1,15.0106,0,173,77
64,1,128,128,128,1,1,2,1,1,15.5183,0,6397,1962
64,1,128,128,128,1,2,1,1,1,15.5183,0,7996,1977
64,1,128,128,128,2,1,2,1,1,15.645,0,267,104
64,1,128,128,128,2,2,1,1,1,15.645,0,472,107
64,1,128,128,128,4,1,2,1,1,15.0397,0,476,113
64,1,128,128,128,4,2,1,1,1,15.0397,0,348,110
64,1,128,128,128,8,1,2,1,1,14.6839,0,482,114
64,1,128,128,128,8,2,1,1,1,14.6839,0,424,117
64,1,128,128,128,16,1,2,1,1,14.5869,0,489,114
64,1,128,128,128,16,2,1,1,1,14.5869,0,361,113
64,1,128,128,128,32,1,2,1,1,15.1294,0,485,120
64,1,128,128,128,32,2,1,1,1,15.1294,0,417,117
64,1,128,128,128,64,1,2,1,1,15.0488,0,477,116
64,1,128,128,128,64,2,1,1,1,15.0488,0,403,117
64,1,256,1,64,1,1,2,1,1,19.4213,0,211,48
64,1,256,1,64,1,2,1,1,1,19.4213,0,160,48
64,1,256,1,64,2,1,2,1,1,21.4971,0,171,44
64,1,256,1,64,2,2,1,1,1,21.4971,0,163,49
64,1,256,1,64,4,1,2,1,1,18.3397,0,209,48
64,1,256,1,64,4,2,1,1,1,18.3397,0,196,49
64,1,256,1,64,8,1,2,1,1,16.6757,0,255,51
64,1,256,1,64,8,2,1,1,1,16.6757,0,198,51
64,1,256,1,64,16,1,2,1,1,15.9526,0,239,56
64,1,256,1,64,16,2,1,1,1,15.9526,0,202,58
64,1,256,1,64,32,1,2,1,1,15.5374,0,292,74
64,1,256,1,64,32,2,1,1,1,15.5374,0,309,74
64,1,256,1,64,64,1,2,1,1,15.2637,0,258,60
64,1,256,1,64,64,2,1,1,1,15.2637,0,223,59
64,1,256,2,64,1,1,2,1,1,19.7007,0,202,49
64,1,256,2,64,1,2,1,1,1,19.7007,0,200,49
64,1,256,2,64,2,1,2,1,1,18.0012,0,192,46
64,1,256,2,64,2,2,1,1,1,18.0012,0,188,48
64,1,256,2,64,4,1,2,1,1,16.3798,0,194,49
64,1,256,2,64,4,2,1,1,1,16.3798,0,188,47
64,1,256,2,64,8,1,2,1,1,15.6023,0,224,54
64,1,256,2,64,8,2,1,1,1,15.6023,0,221,53
64,1,256,2,64,16,1,2,1,1,15.2138,0,268,66
64,1,256,2,64,16,2,1,1,1,15.2138,0,248,66
64,1,256,2,64,32,1,2,1,1,15.0106,0,431,108
64,1,256,2,64,32,2,1,1,1,15.0106,0,423,107
64,1,256,2,64,64,1,2,1,1,14.8718,0,307,78
64,1,256,2,64,64,2,1,1,1,14.8718,0,298,79
64,1,256,4,64,1,1,2,1,1,17.5979,0,211,54
64,1,256,4,64,1,2,1,1,1,17.5979,0,233,52
64,1,256,4,64,2,1,2,1,1,16.448,0,203,52
64,1,256,4,64,2,2,1,1,1,16.448,0,210,49
64,1,256,4,64,4,1,2,1,1,15.563,0,257,55
64,1,256,4,64,4,2,1,1,1,15.563,0,185,52
64,1,256,4,64,8,1,2,1,1,15.0828,0,314,69
64,1,256,4,64,8,2,1,1,1,15.0828,0,250,66
64,1,256,4,64,16,1,2,1,1,14.8607,0,440,106
64,1,256,4,64,16,2,1,1,1,14.8607,0,371,111
64,1,256,4,64,32,1,2,1,1,15.3944,0,187,61
64,1,256,4,64,32,2,1,1,1,15.3944,0,236,60
64,1,256,4,64,64,1,2,1,1,15.2137,0,235,56
64,1,256,4,64,64,2,1,1,1,15.2137,0,242,56
64,1,256,8,64,1,1,2,1,1,16.5044,0,222,59
64,1,256,8,64,1,2,1,1,1,16.5044,0,215,58
64,1,256,8,64,2,1,2,1,1,15.7264,0,252,57
64,1,256,8,64,2,2,1,1,1,15.7264,0,210,56
64,1,256,8,64,4,1,2,1,1,15.1281,0,267,69
64,1,256,8,64,4,2,1,1,1,15.1281,0,292,70
64,1,256,8,64,8,1,2,1,1,14.8278,0,414,114
64,1,256,8,64,8,2,1,1,1,14.8278,0,358,110
64,1,256,8,64,16,1,2,1,1,14.6846,0,825,250
64,1,256,8,64,16,2,1,1,1,14.6846,0,713,252
64,1,256,8,64,32,1,2,1,1,15.3163,0,229,61
64,1,256,8,64,32,2,1,1,1,15.3163,0,228,61
64,1,256,8,64,64,1,2,1,1,15.1906,0,186,56
64,1,256,8,64,64,2,1,1,1,15.1906,0,208,55
64,1,256,16,64,1,1,2,1,1,16.0126,0,342,86
64,1,256,16,64,1,2,1,1,1,16.0126,0,284,88
64,1,256,16,64,2,1,2,1,1,15.3391,0,380,87
64,1,256,16,64,2,2,1,1,1,15.3391,0,353,85
64,1,256,16,64,4,1,2,1,1,14.9153,0,525,135
64,1,256,16,64,4,2,1,1,1,14.9153,0,472,131
64,1,256,16,64,8,1,2,1,1,14.7007,0,1008,287
64,1,256,16,64,8,2,1,1,1,14.7007,0,1041,290
64,1,256,16,64,16,1,2,1,1,14.7746,0,238,57
64,1,256,16,64,16,2,1,1,1,14.7746,0,206,62
64,1,256,16,64,32,1,2,1,1,15.278,0,239,64
64,1,256,16,64,32,2,1,1,1,15.278,0,275,68
64,1,256,16,64,64,1,2,1,1,15.1264,0,207,59
64,1,256,16,64,64,2,1,1,1,15.1264,0,254,60
64,1,256,32,64,1,1,2,1,1,15.7398,0,738,182
64,1,256,32,64,1,2,1,1,1,15.7398,0,613,191
64,1,256,32,64,2,1,2,1,1,15.1497,0,798,202
64,1,256,32,64,2,2,1,1,1,15.1497,0,769,191
64,1,256,32,64,4,1,2,1,1,14.809,0,1065,370
64,1,256,32,64,4,2,1,1,1,14.809,0,1641,376
64,1,256,32,64,8,1,2,1,1,14.8151,0,288,66
64,1,256,32,64,8,2,1,1,1,14.8151,0,240,63
64,1,256,32,64,16,1,2,1,1,14.7258,0,225,64
64,1,256,32,64,16,2,1,1,1,14.7258,0,234,61
64,1,256,32,64,32,1,2,1,1,15.2063,0,253,69
64,1,256,32,64,32,2,1,1,1,15.2063,0,278,70
64,1,256,32,64,64,1,2,1,1,15.0946,0,270,63
64,1,256,32,64,64,2,1,1,1,15.0946,0,262,63
64,1,256,64,64,1,1,2,1,1,15.6083,0,2268,571
64,1,256,64,64,1,2,1,1,1,15.6083,0,2271,566
64,1,256,64,64,2,1,2,1,1,15.0556,0,2572,716
64,1,256,64,64,2,2,1,1,1,15.0556,0,2671,692
64,1,256,64,64,4,1,2,1,1,15.0953,0,250,75
64,1,256,64,64,4,2,1,1,1,15.0953,0,291,72
64,1,256,64,64,8,1,2,1,1,14.779,0,301,82
64,1,256,64,64,8,2,1,1,1,14.779,0,339,80
64,1,256,64,64,16,1,2,1,1,14.6494,0,380,80
64,1,256,64,64,16,2,1,1,1,14.6494,0,308,78
64,1,256,64,64,32,1,2,1,1,15.1712,0,372,83
64,1,256,64,64,32,2,1,1,1,15.1712,0,392,86
64,1,256,64,64,64,1,2,1,1,15.0795,0,272,79
64,1,256,64,64,64,2,1,1,1,15.0795,0,295,80
64,1,256,128,64,1,1,2,1,1,15.5439,0,5795,2338
64,1,256,128,64,1,2,1,1,1,15.5439,0,8437,2345
64,1,256,128,64,2,1,2,1,1,15.6707,0,554,128
64,1,256,128,64,2,2,1,1,1,15.6707,0,491,128
64,1,256,128,64,4,1,2,1,1,15.0655,0,509,131
64,1,256,128,64,4,2,1,1,1,15.0655,0,506,134
64,1,256,128,64,8,1,2,1,1,14.7097,0,598,142
64,1,256,128,64,8,2,1,1,1,14.7097,0,659,141
64,1,256,128,64,16,1,2,1,1,14.6126,0,555,132
64,1,256,128,64,16,2,1,1,1,14.6126,0,525,131
64,1,256,128,64,32,1,2,1,1,15.1552,0,547,139
64,1,256,128,64,32,2,1,1,1,15.1552,0,464,143
64,1,256,128,64,64,1,2,1,1,15.0734,0,661,139
64,1,256,128,64,64,2,1,1,1,15.0734,0,630,135
64,1,256,256,64,1,1,2,1,1,15.6925,0,1127,353
64,1,256,256,64,1,2,1,1,1,15.6925,0,1249,365
64,1,256,256,64,2,1,2,1,1,15.6457,0,1312,274
64,1,256,256,64,2,2,1,1,1,15.6457,0,477,253
64,1,256,256,64,4,1,2,1,1,15.0005,0,1257,271
64,1,256,256,64,4,2,1,1,1,15.0005,0,1047,272
64,1,256,256,64,8,1,2,1,1,14.6778,0,1083,281
64,1,256,256,64,8,2,1,1,1,14.6778,0,1266,278
64,1,256,256,64,16,1,2,1,1,14.5971,0,1350,281
64,1,256,256,64,16,2,1,1,1,14.5971,0,1193,277
64,1,256,256,64,32,1,2,1,1,15.15,0,1217,281
64,1,256,256,64,32,2,1,1,1,15.15,0,1210,277
64,1,512,1,32,1,1,2,1,1,19.5268,0,154,55
64,1,512,1,32,1,2,1,1,1,19.5268,0,205,52
64,1,512,1,32,2,1,2,1,1,21.6187,0,246,48
64,1,512,1,32,2,2,1,1,1,21.6187,0,83,48
64,1,512,1,32,4,1,2,1,1,18.4613,0,180,48
64,1,512,1,32,4,2,1,1,1,18.4613,0,168,48
64,1,512,1,32,8,1,2,1,1,16.7972,0,187,54
64,1,512,1,32,8,2,1,1,1,16.7972,0,111,50
64,1,512,1,32,16,1,2,1,1,16.0743,0,243,57
64,1,512,1,32,16,2,1,1,1,16.0743,0,183,56
64,1,512,1,32,32,1,2,1,1,15.4808,0,246,59
64,1,512,1,32,32,2,1,1,1,15.4808,0,289,60
64,1,512,2,32,1,1,2,1,1,19.7941,0,277,50
64,1,512,2,32,1,2,1,1,1,19.7941,0,170,51
64,1,512,2,32,2,1,2,1,1,18.1027,0,160,48
64,1,512,2,32,2,2,1,1,1,18.1027,0,167,45
64,1,512,2,32,4,1,2,1,1,16.4813,0,175,50
64,1,512,2,32,4,2,1,1,1,16.4813,0,177,49
64,1,512,2,32,8,1,2,1,1,15.7038,0,237,53
64,1,512,2,32,8,2,1,1,1,15.7038,0,264,52
64,1,512,2,32,16,1,2,1,1,15.3153,0,269,68
64,1,512,2,32,16,2,1,1,1,15.3153,0,268,66
64,1,512,2,32,32,1,2,1,1,15.019,0,353,76
64,1,512,2,32,32,2,1,1,1,15.019,0,219,81
64,1,512,4,32,1,1,2,1,1,17.6652,0,178,51
64,1,512,4,32,1,2,1,1,1,17.6652,0,175,51
64,1,512,4,32,2,1,2,1,1,16.5194,0,224,49
64,1,512,4,32,2,2,1,1,1,16.5194,0,207,47
64,1,512,4,32,4,1,2,1,1,15.6343,0,236,53
64,1,512,4,32,4,2,1,1,1,15.6343,0,194,54
64,1,512,4,32,8,1,2,1,1,15.1542,0,278,69
64,1,512,4,32,8,2,1,1,1,15.1542,0,260,67
64,1,512,4,32,16,1,2,1,1,14.9321,0,440,107
64,1,512,4,32,16,2,1,1,1,14.9321,0,443,107
64,1,512,4,32,32,1,2,1,1,15.3754,0,238,59
64,1,512,4,32,32,2,1,1,1,15.3754,0,224,57
64,1,512,8,32,1,1,2,1,1,16.5593,0,251,60
64,1,512,8,32,1,2,1,1,1,16.5593,0,210,63
64,1,512,8,32,2,1,2,1,1,15.7833,0,300,59
64,1,512,8,32,2,2,1,1,1,15.7833,0,261,58
64,1,512,8,32,4,1,2,1,1,15.185,0,338,73
64,1,512,8,32,4,2,1,1,1,15.185,0,310,71
64,1,512,8,32,8,1,2,1,1,14.8846,0,535,116
64,1,512,8,32,8,2,1,1,1,14.8846,0,499,119
64,1,512,8,32,16,1,2,1,1,14.7414,0,1080,261
64,1,512,8,32,16,2,1,1,1,14.7414,0,1045,263
64,1,512,8,32,32,1,2,1,1,15.3282,0,250,58
64,1,512,8,32,32,2,1,1,1,15.3282,0,248,60
64,1,512,16,32,1,1,2,1,1,16.0615,0,384,88
64,1,512,16,32,1,2,1,1,1,16.0615,0,423,88
64,1,512,16,32,2,1,2,1,1,15.389,0,385,87
64,1,512,16,32,2,2,1,1,1,15.389,0,331,89
64,1,512,16,32,4,1,2,1,1,14.9652,0,536,133
64,1,512,16,32,4,2,1,1,1,14.9652,0,599,135
64,1,512,16,32,8,1,2,1,1,14.7506,0,1277,295
64,1,512,16,32,8,2,1,1,1,14.7506,0,1246,289
64,1,512,16,32,16,1,2,1,1,14.8245,0,253,60
64,1,512,16,32,16,2,1,1,1,14.8245,0,272,62
64,1,512,16,32,32,1,2,1,1,15.3056,0,244,61
64,1,512,16,32,32,2,1,1,1,15.3056,0,277,60
64,1,512,32,32,1,1,2,1,1,15.7854,0,721,183
64,1,512,32,32,1,2,1,1,1,15.7854,0,686,184
64,1,512,32,32,2,1,2,1,1,15.1958,0,774,197
64,1,512,32,32,2,2,1,1,1,15.1958,0,773,198
64,1,512,32,32,4,1,2,1,1,14.8551,0,1386,379
64,1,512,32,32,4,2,1,1,1,14.8551,0,1433,372
64,1,512,32,32,8,1,2,1,1,14.8613,0,267,67
64,1,512,32,32,8,2,1,1,1,14.8613,0,289,66
64,1,512,32,32,16,1,2,1,1,14.772,0,278,65
64,1,512,32,32,16,2,1,1,1,14.772,0,268,64
64,1,512,32,32,32,1,2,1,1,15.2415,0,270,63
64,1,512,32,32,32,2,1,1,1,15.2415,0,270,63
64,1,512,64,32,1,1,2,1,1,15.6523,0,1953,558
64,1,512,64,32,1,2,1,1,1,15.6523,0,1966,560
64,1,512,64,32,2,1,2,1,1,15.0999,0,2313,686
64,1,512,64,32,2,2,1,1,1,15.0999,0,2318,682
64,1,512,64,32,4,1,2,1,1,15.1396,0,285,73
64,1,512,64,32,4,2,1,1,1,15.1396,0,298,71
64,1,512,64,32,8,1,2,1,1,14.8233,0,325,80
64,1,512,64,32,8,2,1,1,1,14.8233,0,305,79
64,1,512,64,32,16,1,2,1,1,14.6936,0,306,79
64,1,512,64,32,16,2,1,1,1,14.6936,0,285,80
64,1,512,64,32,32,1,2,1,1,15.2103,0,316,78
64,1,512,64,32,32,2,1,1,1,15.2103,0,375,80
64,1,512,128,32,1,1,2,1,1,15.5872,0,7069,2356
64,1,512,128,32,1,2,1,1,1,15.5872,0,8497,2308
64,1,512,128,32,2,1,2,1,1,15.7141,0,499,128
64,1,512,128,32,2,2,1,1,1,15.7141,0,437,120
64,1,512,128,32,4,1,2,1,1,15.1089,0,495,123
64,1,512,128,32,4,2,1,1,1,15.1089,0,435,128
64,1,512,128,32,8,1,2,1,1,14.753,0,531,135
64,1,512,128,32,8,2,1,1,1,14.753,0,563,138
64,1,512,128,32,16,1,2,1,1,14.656,0,453,130
64,1,512,128,32,16,2,1,1,1,14.656,0,282,126
64,1,512,128,32,32,1,2,1,1,15.1962,0,475,133
64,1,512,128,32,32,2,1,1,1,15.1962,0,266,123
64,1,512,256,32,1,1,2,1,1,15.7356,0,1405,413
64,1,512,256,32,1,2,1,1,1,15.7356,0,1373,413
64,1,512,256,32,2,1,2,1,1,15.6889,0,1331,319
64,1,512,256,32,2,2,1,1,1,15.6889,0,839,302
64,1,512,256,32,4,1,2,1,1,15.0437,0,798,310
64,1,512,256,32,4,2,1,1,1,15.0437,0,1421,326
64,1,512,256,32,8,1,2,1,1,14.721,0,896,322
64,1,512,256,32,8,2,1,1,1,14.721,0,1021,326
64,1,512,256,32,16,1,2,1,1,14.6403,0,1095,333
64,1,512,256,32,16,2,1,1,1,14.6403,0,1120,325
64,1,512,256,32,32,1,2,1,1,15.1922,0,1017,319
64,1,512,256,32,32,2,1,1,1,15.1922,0,1099,317
64,1,512,512,32,1,1,2,1,1,15.7215,0,3070,972
64,1,512,512,32,1,2,1,1,1,15.7215,0,3087,983
64,1,512,512,32,2,1,2,1,1,15.6291,0,3228,887
64,1,512,512,32,2,2,1,1,1,15.6291,0,2955,878
64,1,512,512,32,4,1,2,1,1,15.0169,0,3704,892
64,1,512,512,32,4,2,1,1,1,15.0169,0,3167,905
64,1,512,512,32,8,1,2,1,1,14.7107,0,2829,875
64,1,512,512,32,8,2,1,1,1,14.7107,0,3807,899
64,1,512,512,32,16,1,2,1,1,14.6382,0,3007,904
64,1,512,512,32,16,2,1,1,1,14.6382,0,1923,875
64,1,1024,1,16,1,2,1,1,1,19.7195,0,99,48
64,1,1024,1,16,2,2,1,1,1,21.8436,0,183,46
64,1,1024,1,16,4,2,1,1,1,18.6862,0,99,46
64,1,1024,1,16,8,2,1,1,1,17.0221,0,128,50
64,1,1024,1,16,16,2,1,1,1,15.1335,0,219,47
64,1,1024,2,16,1,2,1,1,1,19.9627,0,139,47
64,1,1024,2,16,2,2,1,1,1,18.2873,0,138,44
64,1,1024,2,16,4,2,1,1,1,16.666,0,146,47
64,1,1024,2,16,8,2,1,1,1,15.8884,0,171,51
64,1,1024,2,16,16,2,1,1,1,14.8934,0,186,59
64,1,1024,4,16,1,2,1,1,1,17.7816,0,165,51
64,1,1024,4,16,2,2,1,1,1,16.6437,0,143,48
64,1,1024,4,16,4,2,1,1,1,15.7587,0,176,54
64,1,1024,4,16,8,2,1,1,1,15.2785,0,220,66
64,1,1024,4,16,16,2,1,1,1,14.7053,0,331,94
64,1,1024,8,16,1,2,1,1,1,16.6506,0,217,58
64,1,1024,8,16,2,2,1,1,1,15.8786,0,190,56
64,1,1024,8,16,4,2,1,1,1,15.2803,0,258,69
64,1,1024,8,16,8,2,1,1,1,14.9799,0,424,110
64,1,1024,8,16,16,2,1,1,1,14.6133,0,804,212
64,1,1024,16,16,1,2,1,1,1,16.1408,0,286,84
64,1,1024,16,16,2,2,1,1,1,15.4703,0,338,88
64,1,1024,16,16,4,2,1,1,1,15.0466,0,465,127
64,1,1024,16,16,8,2,1,1,1,14.832,0,1096,287
64,1,1024,16,16,16,2,1,1,1,14.8349,0,171,53
64,1,1024,32,16,1,2,1,1,1,15.8583,0,639,187
64,1,1024,32,16,2,2,1,1,1,15.2698,0,668,201
64,1,1024,32,16,4,2,1,1,1,14.9291,0,920,372
64,1,1024,32,16,8,2,1,1,1,14.9352,0,240,60
64,1,1024,32,16,16,2,1,1,1,14.8108,0,207,55
64,1,1024,64,16,1,2,1,1,1,15.722,0,1776,559
64,1,1024,64,16,2,2,1,1,1,15.1702,0,2052,688
64,1,1024,64,16,4,2,1,1,1,15.2098,0,236,70
64,1,1024,64,16,8,2,1,1,1,14.8936,0,278,78
64,1,1024,64,16,16,2,1,1,1,14.7468,0,307,71
64,1,1024,128,16,1,2,1,1,1,15.6554,0,6656,2309
64,1,1024,128,16,2,2,1,1,1,15.7825,0,427,121
64,1,1024,128,16,4,2,1,1,1,15.1773,0,489,125
64,1,1024,128,16,8,2,1,1,1,14.8215,0,468,131
64,1,1024,128,16,16,2,1,1,1,14.7163,0,467,123
64,1,1024,256,16,1,2,1,1,1,15.803,0,1470,415
64,1,1024,256,16,2,2,1,1,1,15.7564,0,1070,321
64,1,1024,256,16,4,2,1,1,1,15.1113,0,1031,325
64,1,1024,256,16,8,2,1,1,1,14.7886,0,936,329
64,1,1024,256,16,16,2,1,1,1,14.7043,0,1025,317
64,1,1024,512,16,1,2,1,1,1,15.7887,0,4488,1231
64,1,1024,512,16,2,2,1,1,1,15.6965,0,3981,1077
64,1,1024,512,16,4,2,1,1,1,15.0843,0,4408,1092
64,1,1024,512,16,8,2,1,1,1,14.7781,0,4091,1105
64,1,1024,512,16,16,2,1,1,1,14.7042,0,2641,1065
64,1,1024,1024,16,1,2,1,1,1,15.7374,0,11860,3562
64,1,1024,1024,16,2,2,1,1,1,15.6751,0,10525,3562
64,1,1024,1024,16,4,2,1,1,1,15.0794,0,10801,3409
64,1,1024,1024,16,8,2,1,1,1,14.7815,0,9878,3381
64,2,8,1,1024,1,1,2,1,1,6.55306,0,119,36
64,2,8,1,1024,2,1,2,1,1,7.70076,0,109,34
64,2,8,1,1024,4,1,2,1,1,6.10718,0,123,37
64,2,8,1,1024,8,1,2,1,1,5.18108,0,97,37
64,2,8,1,1024,16,1,2,1,1,4.82985,0,166,45
64,2,8,1,1024,32,1,2,1,1,4.61963,0,195,63
64,2,8,1,1024,64,1,2,1,1,4.53485,0,375,98
64,2,8,1,1024,128,1,2,1,1,4.48916,0,968,231
64,2,8,1,1024,256,1,2,1,1,4.50283,0,2680,723
64,2,8,1,1024,512,1,2,1,1,4.4942,0,169,52
64,2,8,1,1024,1024,1,2,1,1,4.40793,0,201,45
64,2,8,2,1024,1,1,2,1,1,13.4741,0,161,36
64,2,8,2,1024,2,1,2,1,1,12.5656,0,102,34
64,2,8,2,1024,4,1,2,1,1,11.7157,0,111,36
64,2,8,2,1024,8,1,2,1,1,11.3177,0,164,40
64,2,8,2,1024,16,1,2,1,1,11.1309,0,218,52
64,2,8,2,1024,32,1,2,1,1,11.0253,0,305,90
64,2,8,2,1024,64,1,2,1,1,10.9902,0,899,211
64,2,8,2,1024,128,1,2,1,1,10.9851,0,322,72
64,2,8,2,1024,256,1,2,1,1,10.9639,0,320,71
64,2,8,2,1024,512,1,2,1,1,10.931,0,312,70
64,2,8,2,1024,1024,1,2,1,1,4.23218,0,261,63
64,2,8,4,1024,1,1,2,1,1,12.3223,0,181,40
64,2,8,4,1024,2,1,2,1,1,11.7474,0,158,37
64,2,8,4,1024,4,1,2,1,1,11.3039,0,177,42
64,2,8,4,1024,8,1,2,1,1,11.0985,0,228,55
64,2,8,4,1024,16,1,2,1,1,11.0001,0,372,91
64,2,8,4,1024,32,1,2,1,1,11.2191,0,208,49
64,2,8,4,1024,64,1,2,1,1,11.1569,0,216,49
64,2,8,4,1024,128,1,2,1,1,11.1259,0,216,50
64,2,8,4,1024,256,1,2,1,1,11.0845,0,152,48
64,2,8,4,1024,512,1,2,1,1,11.0661,0,189,49
64,2,8,4,1024,1024,1,2,1,1,4.38702,0,168,44
64,2,8,8,1024,1,1,2,1,1,11.8086,0,168,41
64,2,8,8,1024,2,1,2,1,1,11.3923,0,135,40
64,2,8,8,1024,4,1,2,1,1,11.094,0,157,50
64,2,8,8,1024,8,1,2,1,1,10.9945,0,339,87
64,2,8,8,1024,16,1,2,1,1,10.9163,0,731,206
64,2,8,8,1024,32,1,2,1,1,11.1873,0,159,44
64,2,8,8,1024,64,1,2,1,1,11.1363,0,152,44
64,2,8,8,1024,128,1,2,1,1,11.0856,0,138,44
64,2,8,8,1024,256,1,2,1,1,11.0606,0,148,46
64,2,8,8,1024,512,1,2,1,1,11.0499,0,144,44
64,2,16,1,512,1,1,2,1,1,13.2304,0,164,47
64,2,16,1,512,1,2,1,1,1,13.2078,0,180,50
64,2,16,1,512,2,1,2,1,1,14.3786,0,153,46
64,2,16,1,512,2,2,1,1,1,14.356,0,183,47
64,2,16,1,512,4,1,2,1,1,12.76,0,157,47
64,2,16,1,512,4,2,1,1,1,12.7374,0,164,47
64,2,16,1,512,8,1,2,1,1,11.8591,0,175,49
64,2,16,1,512,8,2,1,1,1,11.8365,0,170,52
64,2,16,1,512,16,1,2,1,1,11.5085,0,187,54
64,2,16,1,512,16,2,1,1,1,11.4859,0,196,57
64,2,16,1,512,32,1,2,1,1,11.2974,0,239,71
64,2,16,1,512,32,2,1,1,1,11.2748,0,186,75
64,2,16,1,512,64,1,2,1,1,11.2122,0,420,119
64,2,16,1,512,64,2,1,1,1,11.1896,0,437,120
64,2,16,1,512,128,1,2,1,1,11.1676,0,690,261
64,2,16,1,512,128,2,1,1,1,11.145,0,721,258
64,2,16,1,512,256,1,2,1,1,11.1804,0,2442,806
64,2,16,1,512,256,2,1,1,1,11.1578,0,2511,807
64,2,16,1,512,512,1,2,1,1,11.1151,0,133,60
64,2,16,1,512,512,2,1,1,1,11.0925,0,128,59
64,2,16,2,512,1,1,2,1,1,13.4935,0,116,45
64,2,16,2,512,1,2,1,1,1,13.4708,0,112,49
64,2,16,2,512,2,1,2,1,1,12.5854,0,145,45
64,2,16,2,512,2,2,1,1,1,12.5628,0,157,48
64,2,16,2,512,4,1,2,1,1,11.7354,0,143,46
64,2,16,2,512,4,2,1,1,1,11.7128,0,161,49
64,2,16,2,512,8,1,2,1,1,11.3376,0,112,51
64,2,16,2,512,8,2,1,1,1,11.315,0,178,54
64,2,16,2,512,16,1,2,1,1,11.1504,0,234,64
64,2,16,2,512,16,2,1,1,1,11.1278,0,189,69
64,2,16,2,512,32,1,2,1,1,11.045,0,298,103
64,2,16,2,512,32,2,1,1,1,11.0224,0,421,106
64,2,16,2,512,64,1,2,1,1,11.0098,0,815,245
64,2,16,2,512,64,2,1,1,1,10.9872,0,971,242
64,2,16,2,512,128,1,2,1,1,11.0004,0,361,84
64,2,16,2,512,128,2,1,1,1,10.9778,0,244,86
64,2,16,2,512,256,1,2,1,1,10.9836,0,262,84
64,2,16,2,512,256,2,1,1,1,10.9609,0,263,85
64,2,16,2,512,512,1,2,1,1,10.9238,0,264,78
64,2,16,2,512,512,2,1,1,1,10.9012,0,219,80
64,2,16,4,512,1,1,2,1,1,12.3391,0,150,52
64,2,16,4,512,1,2,1,1,1,12.3165,0,126,52
64,2,16,4,512,2,1,2,1,1,11.7662,0,161,48
64,2,16,4,512,2,2,1,1,1,11.7436,0,161,49
64,2,16,4,512,4,1,2,1,1,11.3231,0,175,53
64,2,16,4,512,4,2,1,1,1,11.3005,0,244,54
64,2,16,4,512,8,1,2,1,1,11.1171,0,214,68
64,2,16,4,512,8,2,1,1,1,11.0945,0,202,68
64,2,16,4,512,16,1,2,1,1,11.0193,0,305,107
64,2,16,4,512,16,2,1,1,1,10.9967,0,383,111
64,2,16,4,512,32,1,2,1,1,11.2377,0,199,61
64,2,16,4,512,32,2,1,1,1,11.2151,0,203,64
64,2,16,4,512,64,1,2,1,1,11.1756,0,214,60
64,2,16,4,512,64,2,1,1,1,11.153,0,267,63
64,2,16,4,512,128,1,2,1,1,11.1448,0,181,62
64,2,16,4,512,128,2,1,1,1,11.1222,0,247,64
64,2,16,4,512,256,1,2,1,1,11.1032,0,247,62
64,2,16,4,512,256,2,1,1,1,11.0806,0,184,64
64,2,16,4,512,512,1,2,1,1,11.0728,0,144,55
64,2,16,4,512,512,2,1,1,1,11.0502,0,173,58
64,2,16,8,512,1,1,2,1,1,11.827,0,209,61
64,2,16,8,512,1,2,1,1,1,11.8044,0,252,63
64,2,16,8,512,2,1,2,1,1,11.4108,0,224,59
64,2,16,8,512,2,2,1,1,1,11.3881,0,172,59
64,2,16,8,512,4,1,2,1,1,11.1125,0,174,71
64,2,16,8,512,4,2,1,1,1,11.0899,0,241,73
64,2,16,8,512,8,1,2,1,1,11.0129,0,452,112
64,2,16,8,512,8,2,1,1,1,10.9902,0,355,114
64,2,16,8,512,16,1,2,1,1,10.935,0,756,254
64,2,16,8,512,16,2,1,1,1,10.9124,0,780,258
64,2,16,8,512,32,1,2,1,1,11.2057,0,197,62
64,2,16,8,512,32,2,1,1,1,11.1831,0,202,63
64,2,16,8,512,64,1,2,1,1,11.1548,0,209,62
64,2,16,8,512,64,2,1,1,1,11.1322,0,208,63
64,2,16,8,512,128,1,2,1,1,11.105,0,200,62
64,2,16,8,512,128,2,1,1,1,11.0824,0,236,64
64,2,16,8,512,256,1,2,1,1,11.0797,0,203,61
64,2,16,8,512,256,2,1,1,1,11.057,0,213,64
64,2,16,8,512,512,1,2,1,1,11.0648,0,145,56
64,2,16,8,512,512,2,1,1,1,11.0422,0,189,57
64,2,16,16,512,1,1,2,1,1,11.566,0,281,74
64,2,16,16,512,1,2,1,1,1,11.5434,0,279,76
64,2,16,16,512,2,1,2,1,1,11.221,0,240,75
64,2,16,16,512,2,2,1,1,1,11.1984,0,247,75
64,2,16,16,512,4,1,2,1,1,11.0428,0,361,115
64,2,16,16,512,4,2,1,1,1,11.0202,0,384,119
64,2,16,16,512,8,1,2,1,1,10.9442,0,823,265
64,2,16,16,512,8,2,1,1,1,10.9216,0,865,259
64,2,16,16,512,16,1,2,1,1,10.9358,0,193,53
64,2,16,16,512,16,2,1,1,1,10.9132,0,180,53
64,2,16,16,512,32,1,2,1,1,11.187,0,174,57
64,2,16,16,512,32,2,1,1,1,11.1644,0,196,59
64,2,16,16,512,64,1,2,1,1,11.1182,0,186,58
64,2,16,16,512,64,2,1,1,1,11.0956,0,166,58
64,2,16,16,512,128,1,2,1,1,11.0839,0,206,59
64,2,16,16,512,128,2,1,1,1,11.0613,0,177,58
64,2,16,16,512,256,1,2,1,1,11.067,0,201,57
64,2,16,16,512,256,2,1,1,1,11.0444,0,192,60
64,2,32,1,256,1,1,2,1,1,13.2448,0,158,52
64,2,32,1,256,1,2,1,1,1,13.2202,0,202,50
64,2,32,1,256,2,1,2,1,1,14.3944,0,176,49
64,2,32,1,256,2,2,1,1,1,14.3698,0,177,48
64,2,32,1,256,4,1,2,1,1,12.7877,0,163,50
64,2,32,1,256,4,2,1,1,1,12.7631,0,158,49
64,2,32,1,256,8,1,2,1,1,11.8754,0,182,53
64,2,32,1,256,8,2,1,1,1,11.8508,0,157,51
64,2,32,1,256,16,1,2,1,1,11.5237,0,168,60
64,2,32,1,256,16,2,1,1,1,11.4991,0,181,58
64,2,32,1,256,32,1,2,1,1,11.3123,0,217,75
64,2,32,1,256,32,2,1,1,1,11.2877,0,219,75
64,2,32,1,256,64,1,2,1,1,11.2264,0,357,115
64,2,32,1,256,64,2,1,1,1,11.2018,0,319,115
64,2,32,1,256,128,1,2,1,1,11.184,0,855,274
64,2,32,1,256,128,2,1,1,1,11.1594,0,787,264
64,2,32,1,256,256,1,2,1,1,11.1318,0,190,59
64,2,32,1,256,256,2,1,1,1,11.1072,0,189,59
64,2,32,2,256,1,1,2,1,1,13.5068,0,154,48
64,2,32,2,256,1,2,1,1,1,13.4822,0,164,49
64,2,32,2,256,2,1,2,1,1,12.5996,0,155,48
64,2,32,2,256,2,2,1,1,1,12.575,0,156,47
64,2,32,2,256,4,1,2,1,1,11.7497,0,166,49
64,2,32,2,256,4,2,1,1,1,11.7251,0,182,48
64,2,32,2,256,8,1,2,1,1,11.3524,0,169,53
64,2,32,2,256,8,2,1,1,1,11.3278,0,180,54
64,2,32,2,256,16,1,2,1,1,11.1641,0,214,66
64,2,32,2,256,16,2,1,1,1,11.1395,0,192,67
64,2,32,2,256,32,1,2,1,1,11.0591,0,331,106
64,2,32,2,256,32,2,1,1,1,11.0346,0,330,105
64,2,32,2,256,64,1,2,1,1,11.0237,0,760,249
64,2,32,2,256,64,2,1,1,1,10.9991,0,756,241
64,2,32,2,256,128,1,2,1,1,11.0137,0,271,86
64,2,32,2,256,128,2,1,1,1,10.9891,0,260,83
64,2,32,2,256,256,1,2,1,1,10.9649,0,233,76
64,2,32,2,256,256,2,1,1,1,10.9403,0,250,79
64,2,32,4,256,1,1,2,1,1,12.3509,0,138,51
64,2,32,4,256,1,2,1,1,1,12.3263,0,160,50
64,2,32,4,256,2,1,2,1,1,11.7785,0,120,49
64,2,32,4,256,2,2,1,1,1,11.7539,0,163,49
64,2,32,4,256,4,1,2,1,1,11.3353,0,182,55
64,2,32,4,256,4,2,1,1,1,11.3107,0,169,52
64,2,32,4,256,8,1,2,1,1,11.1291,0,209,66
64,2,32,4,256,8,2,1,1,1,11.1045,0,214,67
64,2,32,4,256,16,1,2,1,1,11.0322,0,334,107
64,2,32,4,256,16,2,1,1,1,11.0076,0,353,112
64,2,32,4,256,32,1,2,1,1,11.2498,0,150,62
64,2,32,4,256,32,2,1,1,1,11.2252,0,205,62
64,2,32,4,256,64,1,2,1,1,11.1876,0,195,62
64,2,32,4,256,64,2,1,1,1,11.163,0,195,60
64,2,32,4,256,128,1,2,1,1,11.157,0,204,63
64,2,32,4,256,128,2,1,1,1,11.1324,0,198,62
64,2,32,4,256,256,1,2,1,1,11.1003,0,191,58
64,2,32,4,256,256,2,1,1,1,11.0757,0,187,57
64,2,32,8,256,1,1,2,1,1,11.838,0,158,61
64,2,32,8,256,1,2,1,1,1,11.8134,0,181,62
64,2,32,8,256,2,1,2,1,1,11.4223,0,192,60
64,2,32,8,256,2,2,1,1,1,11.3977,0,193,61
64,2,32,8,256,4,1,2,1,1,11.1236,0,251,72
64,2,32,8,256,4,2,1,1,1,11.099,0,229,74
64,2,32,8,256,8,1,2,1,1,11.0238,0,369,117
64,2,32,8,256,8,2,1,1,1,10.9992,0,298,115
64,2,32,8,256,16,1,2,1,1,10.9466,0,654,256
64,2,32,8,256,16,2,1,1,1,10.922,0,837,258
64,2,32,8,256,32,1,2,1,1,11.2166,0,189,63
64,2,32,8,256,32,2,1,1,1,11.192,0,166,64
64,2,32,8,256,64,1,2,1,1,11.1663,0,208,62
64,2,32,8,256,64,2,1,1,1,11.1417,0,147,64
64,2,32,8,256,128,1,2,1,1,11.1172,0,211,66
64,2,32,8,256,128,2,1,1,1,11.0927,0,215,64
64,2,32,8,256,256,1,2,1,1,11.0846,0,135,58
64,2,32,8,256,256,2,1,1,1,11.06,0,177,57
64,2,32,16,256,1,1,2,1,1,11.5768,0,260,85
64,2,32,16,256,1,2,1,1,1,11.5522,0,264,87
64,2,32,16,256,2,1,2,1,1,11.2321,0,282,88
64,2,32,16,256,2,2,1,1,1,11.2075,0,255,88
64,2,32,16,256,4,1,2,1,1,11.0535,0,320,128
64,2,32,16,256,4,2,1,1,1,11.0289,0,412,135
64,2,32,16,256,8,1,2,1,1,10.955,0,800,286
64,2,32,16,256,8,2,1,1,1,10.9304,0,791,288
64,2,32,16,256,16,1,2,1,1,10.9467,0,205,62
64,2,32,16,256,16,2,1,1,1,10.9221,0,183,59
64,2,32,16,256,32,1,2,1,1,11.1983,0,226,66
64,2,32,16,256,32,2,1,1,1,11.1737,0,204,64
64,2,32,16,256,64,1,2,1,1,11.1296,0,202,64
64,2,32,16,256,64,2,1,1,1,11.105,0,205,63
64,2,32,16,256,128,1,2,1,1,11.0949,0,191,66
64,2,32,16,256,128,2,1,1,1,11.0703,0,200,63
64,2,32,16,256,256,1,2,1,1,11.0765,0,143,61
64,2,32,16,256,256,2,1,1,1,11.052,0,148,60
64,2,32,32,256,1,1,2,1,1,11.4376,0,487,152
64,2,32,32,256,1,2,1,1,1,11.4131,0,477,152
64,2,32,32,256,2,1,2,1,1,11.1629,0,487,161
64,2,32,32,256,2,2,1,1,1,11.1383,0,494,162
64,2,32,32,256,4,1,2,1,1,11.0029,0,940,341
64,2,32,32,256,4,2,1,1,1,10.9783,0,1085,342
64,2,32,32,256,8,1,2,1,1,10.9709,0,150,59
64,2,32,32,256,8,2,1,1,1,10.9463,0,191,59
64,2,32,32,256,16,1,2,1,1,10.9224,0,172,59
64,2,32,32,256,16,2,1,1,1,10.8979,0,201,58
64,2,32,32,256,32,1,2,1,1,11.1633,0,177,64
64,2,32,32,256,32,2,1,1,1,11.1388,0,221,62
64,2,32,32,256,64,1,2,1,1,11.111,0,208,63
64,2,32,32,256,64,2,1,1,1,11.0864,0,144,61
64,2,32,32,256,128,1,2,1,1,11.0849,0,185,64
64,2,32,32,256,128,2,1,1,1,11.0603,0,214,65
64,2,64,1,128,1,1,2,1,1,13.2933,0,165,51
64,2,64,1,128,1,2,1,1,1,13.2373,0,170,50
64,2,64,1,128,2,1,2,1,1,14.4437,0,104,46
64,2,64,1,128,2,2,1,1,1,14.3877,0,150,48
64,2,64,1,128,4,1,2,1,1,12.8248,0,166,51
64,2,64,1,128,4,2,1,1,1,12.7688,0,115,47
64,2,64,1,128,8,1,2,1,1,11.9268,0,177,53
64,2,64,1,128,8,2,1,1,1,11.8708,0,181,53
64,2,64,1,128,16,1,2,1,1,11.5741,0,203,61
64,2,64,1,128,16,2,1,1,1,11.5181,0,207,57
64,2,64,1,128,32,1,2,1,1,11.3615,0,244,74
64,2,64,1,128,32,2,1,1,1,11.3055,0,222,73
64,2,64,1,128,64,1,2,1,1,11.2741,0,403,119
64,2,64,1,128,64,2,1,1,1,11.2181,0,393,116
64,2,64,1,128,128,1,2,1,1,11.191,0,187,61
64,2,64,1,128,128,2,1,1,1,11.1349,0,184,59
64,2,64,2,128,1,1,2,1,1,13.5523,0,163,50
64,2,64,2,128,1,2,1,1,1,13.4962,0,164,49
64,2,64,2,128,2,1,2,1,1,12.6477,0,167,49
64,2,64,2,128,2,2,1,1,1,12.5916,0,157,46
64,2,64,2,128,4,1,2,1,1,11.7971,0,153,49
64,2,64,2,128,4,2,1,1,1,11.7411,0,165,49
64,2,64,2,128,8,1,2,1,1,11.4013,0,158,54
64,2,64,2,128,8,2,1,1,1,11.3452,0,173,54
64,2,64,2,128,16,1,2,1,1,11.2106,0,227,70
64,2,64,2,128,16,2,1,1,1,11.1546,0,233,70
64,2,64,2,128,32,1,2,1,1,11.1068,0,369,113
64,2,64,2,128,32,2,1,1,1,11.0508,0,317,106
64,2,64,2,128,64,1,2,1,1,11.0708,0,600,242
64,2,64,2,128,64,2,1,1,1,11.0148,0,764,242
64,2,64,2,128,128,1,2,1,1,11.0172,0,248,79
64,2,64,2,128,128,2,1,1,1,10.9612,0,243,79
64,2,64,4,128,1,1,2,1,1,12.394,0,174,54
64,2,64,4,128,1,2,1,1,1,12.3379,0,165,51
64,2,64,4,128,2,1,2,1,1,11.8222,0,165,49
64,2,64,4,128,2,2,1,1,1,11.7662,0,160,50
64,2,64,4,128,4,1,2,1,1,11.3798,0,176,56
64,2,64,4,128,4,2,1,1,1,11.3237,0,186,55
64,2,64,4,128,8,1,2,1,1,11.1721,0,225,72
64,2,64,4,128,8,2,1,1,1,11.1161,0,219,68
64,2,64,4,128,16,1,2,1,1,11.0776,0,352,111
64,2,64,4,128,16,2,1,1,1,11.0215,0,361,113
64,2,64,4,128,32,1,2,1,1,11.2931,0,199,63
64,2,64,4,128,32,2,1,1,1,11.237,0,197,63
64,2,64,4,128,64,1,2,1,1,11.2309,0,205,61
64,2,64,4,128,64,2,1,1,1,11.1749,0,201,63
64,2,64,4,128,128,1,2,1,1,11.1802,0,193,59
64,2,64,4,128,128,2,1,1,1,11.1242,0,175,56
64,2,64,8,128,1,1,2,1,1,11.8788,0,216,62
64,2,64,8,128,1,2,1,1,1,11.8228,0,197,61
64,2,64,8,128,2,1,2,1,1,11.4643,0,201,61
64,2,64,8,128,2,2,1,1,1,11.4083,0,210,61
64,2,64,8,128,4,1,2,1,1,11.1654,0,242,74
64,2,64,8,128,4,2,1,1,1,11.1094,0,234,76
64,2,64,8,128,8,1,2,1,1,11.0651,0,371,120
64,2,64,8,128,8,2,1,1,1,11.0091,0,369,115
64,2,64,8,128,16,1,2,1,1,10.9891,0,806,265
64,2,64,8,128,16,2,1,1,1,10.9331,0,690,260
64,2,64,8,128,32,1,2,1,1,11.258,0,204,65
64,2,64,8,128,32,2,1,1,1,11.202,0,209,64
64,2,64,8,128,64,1,2,1,1,11.2082,0,201,63
64,2,64,8,128,64,2,1,1,1,11.1522,0,208,65
64,2,64,8,128,128,1,2,1,1,11.1481,0,198,59
64,2,64,8,128,128,2,1,1,1,11.092,0,188,58
64,2,64,16,128,1,1,2,1,1,11.6173,0,325,94
64,2,64,16,128,1,2,1,1,1,11.5612,0,292,87
64,2,64,16,128,2,1,2,1,1,11.2735,0,311,91
64,2,64,16,128,2,2,1,1,1,11.2175,0,285,90
64,2,64,16,128,4,1,2,1,1,11.0939,0,363,134
64,2,64,16,128,4,2,1,1,1,11.0379,0,434,137
64,2,64,16,128,8,1,2,1,1,10.9953,0,927,287
64,2,64,16,128,8,2,1,1,1,10.9393,0,949,288
64,2,64,16,128,16,1,2,1,1,10.9874,0,218,61
64,2,64,16,128,16,2,1,1,1,10.9314,0,188,58
64,2,64,16,128,32,1,2,1,1,11.2392,0,232,65
64,2,64,16,128,32,2,1,1,1,11.1832,0,230,63
64,2,64,16,128,64,1,2,1,1,11.1706,0,212,64
64,2,64,16,128,64,2,1,1,1,11.1146,0,222,64
64,2,64,16,128,128,1,2,1,1,11.1321,0,194,60
64,2,64,16,128,128,2,1,1,1,11.076,0,201,61
64,2,64,32,128,1,1,2,1,1,11.478,0,579,190
64,2,64,32,128,1,2,1,1,1,11.422,0,557,179
64,2,64,32,128,2,1,2,1,1,11.2033,0,610,196
64,2,64,32,128,2,2,1,1,1,11.1473,0,648,207
64,2,64,32,128,4,1,2,1,1,11.0434,0,1171,377
64,2,64,32,128,4,2,1,1,1,10.9874,0,1177,377
64,2,64,32,128,8,1,2,1,1,11.0114,0,239,65
64,2,64,32,128,8,2,1,1,1,10.9554,0,207,64
64,2,64,32,128,16,1,2,1,1,10.9644,0,226,64
64,2,64,32,128,16,2,1,1,1,10.9084,0,212,66
64,2,64,32,128,32,1,2,1,1,11.2048,0,215,75
64,2,64,32,128,32,2,1,1,1,11.1488,0,205,68
64,2,64,32,128,64,1,2,1,1,11.1525,0,236,69
64,2,64,32,128,64,2,1,1,1,11.0964,0,210,69
64,2,64,32,128,128,1,2,1,1,11.1252,0,203,64
64,2,64,32,128,128,2,1,1,1,11.0692,0,223,68
64,2,64,64,128,1,1,2,1,1,11.4301,0,1456,463
64,2,64,64,128,1,2,1,1,1,11.374,0,1420,469
64,2,64,64,128,2,1,2,1,1,11.1635,0,1878,586
64,2,64,64,128,2,2,1,1,1,11.1075,0,1803,593
64,2,64,64,128,4,1,2,1,1,11.1541,0,221,67
64,2,64,64,128,4,2,1,1,1,11.0981,0,219,64
64,2,64,64,128,8,1,2,1,1,10.9931,0,237,71
64,2,64,64,128,8,2,1,1,1,10.9371,0,240,71
64,2,64,64,128,16,1,2,1,1,10.9253,0,232,73
64,2,64,64,128,16,2,1,1,1,10.8693,0,223,69
64,2,64,64,128,32,1,2,1,1,11.187,0,250,74
64,2,64,64,128,32,2,1,1,1,11.1309,0,250,76
64,2,64,64,128,64,1,2,1,1,11.1427,0,289,78
64,2,64,64,128,64,2,1,1,1,11.0867,0,248,76
64,2,128,1,64,1,1,2,1,1,13.3217,0,181,52
64,2,128,1,64,1,2,1,1,1,13.2762,0,191,51
64,2,128,1,64,2,1,2,1,1,14.4769,0,156,47
64,2,128,1,64,2,2,1,1,1,14.4314,0,167,48
64,2,128,1,64,4,1,2,1,1,12.8615,0,202,50
64,2,128,1,64,4,2,1,1,1,12.816,0,158,49
64,2,128,1,64,8,1,2,1,1,11.9616,0,164,54
64,2,128,1,64,8,2,1,1,1,11.9161,0,171,53
64,2,128,1,64,16,1,2,1,1,11.6072,0,193,59
64,2,128,1,64,16,2,1,1,1,11.5617,0,167,58
64,2,128,1,64,32,1,2,1,1,11.3929,0,256,76
64,2,128,1,64,32,2,1,1,1,11.3474,0,245,74
64,2,128,1,64,64,1,2,1,1,11.2482,0,185,60
64,2,128,1,64,64,2,1,1,1,11.2027,0,199,58
64,2,128,2,64,1,1,2,1,1,13.5767,0,176,50
64,2,128,2,64,1,2,1,1,1,13.5312,0,165,48
64,2,128,2,64,2,1,2,1,1,12.6748,0,162,48
64,2,128,2,64,2,2,1,1,1,12.6293,0,140,46
64,2,128,2,64,4,1,2,1,1,11.825,0,153,49
64,2,128,2,64,4,2,1,1,1,11.7795,0,156,49
64,2,128,2,64,8,1,2,1,1,11.4318,0,182,55
64,2,128,2,64,8,2,1,1,1,11.3863,0,170,54
64,2,128,2,64,16,1,2,1,1,11.2365,0,217,69
64,2,128,2,64,16,2,1,1,1,11.191,0,203,66
64,2,128,2,64,32,1,2,1,1,11.1346,0,360,108
64,2,128,2,64,32,2,1,1,1,11.0891,0,335,105
64,2,128,2,64,64,1,2,1,1,11.0549,0,280,83
64,2,128,2,64,64,2,1,1,1,11.0094,0,248,80
64,2,128,4,64,1,1,2,1,1,12.414,0,169,53
64,2,128,4,64,1,2,1,1,1,12.3685,0,173,52
64,2,128,4,64,2,1,2,1,1,11.8428,0,167,50
64,2,128,4,64,2,2,1,1,1,11.7973,0,165,50
64,2,128,4,64,4,1,2,1,1,11.4008,0,183,55
64,2,128,4,64,4,2,1,1,1,11.3553,0,178,54
64,2,128,4,64,8,1,2,1,1,11.1909,0,218,69
64,2,128,4,64,8,2,1,1,1,11.1454,0,216,68
64,2,128,4,64,16,1,2,1,1,11.1009,0,355,108
64,2,128,4,64,16,2,1,1,1,11.0553,0,350,109
64,2,128,4,64,32,1,2,1,1,11.3124,0,203,62
64,2,128,4,64,32,2,1,1,1,11.2669,0,211,63
64,2,128,4,64,64,1,2,1,1,11.2216,0,192,58
64,2,128,4,64,64,2,1,1,1,11.1761,0,187,57
64,2,128,8,64,1,1,2,1,1,11.894,0,192,61
64,2,128,8,64,1,2,1,1,1,11.8485,0,202,63
64,2,128,8,64,2,1,2,1,1,11.4809,0,220,59
64,2,128,8,64,2,2,1,1,1,11.4354,0,191,58
64,2,128,8,64,4,1,2,1,1,11.1814,0,230,73
64,2,128,8,64,4,2,1,1,1,11.1359,0,219,72
64,2,128,8,64,8,1,2,1,1,11.0802,0,358,114
64,2,128,8,64,8,2,1,1,1,11.0347,0,342,113
64,2,128,8,64,16,1,2,1,1,11.0068,0,826,263
64,2,128,8,64,16,2,1,1,1,10.9613,0,810,255
64,2,128,8,64,32,1,2,1,1,11.2733,0,207,63
64,2,128,8,64,32,2,1,1,1,11.2278,0,199,64
64,2,128,8,64,64,1,2,1,1,11.2101,0,187,58
64,2,128,8,64,64,2,1,1,1,11.1646,0,195,58
64,2,128,16,64,1,1,2,1,1,11.631,0,291,91
64,2,128,16,64,1,2,1,1,1,11.5855,0,306,91
64,2,128,16,64,2,1,2,1,1,11.2885,0,293,90
64,2,128,16,64,2,2,1,1,1,11.243,0,284,89
64,2,128,16,64,4,1,2,1,1,11.1074,0,423,135
64,2,128,16,64,4,2,1,1,1,11.0619,0,439,136
64,2,128,16,64,8,1,2,1,1,11.0087,0,869,283
64,2,128,16,64,8,2,1,1,1,10.9632,0,936,286
64,2,128,16,64,16,1,2,1,1,11.0015,0,205,60
64,2,128,16,64,16,2,1,1,1,10.956,0,190,58
64,2,128,16,64,32,1,2,1,1,11.2535,0,178,64
64,2,128,16,64,32,2,1,1,1,11.208,0,220,64
64,2,128,16,64,64,1,2,1,1,11.1783,0,202,61
64,2,128,16,64,64,2,1,1,1,11.1328,0,191,61
64,2,128,32,64,1,1,2,1,1,11.491,0,610,193
64,2,128,32,64,1,2,1,1,1,11.4455,0,606,182
64,2,128,32,64,2,1,2,1,1,11.2164,0,626,201
64,2,128,32,64,2,2,1,1,1,11.1708,0,626,193
64,2,128,32,64,4,1,2,1,1,11.0567,0,1272,378
64,2,128,32,64,4,2,1,1,1,11.0111,0,1185,374
64,2,128,32,64,8,1,2,1,1,11.0245,0,220,67
64,2,128,32,64,8,2,1,1,1,10.979,0,216,67
64,2,128,32,64,16,1,2,1,1,10.9796,0,202,64
64,2,128,32,64,16,2,1,1,1,10.9341,0,219,65
64,2,128,32,64,32,1,2,1,1,11.2183,0,233,70
64,2,128,32,64,32,2,1,1,1,11.1727,0,222,69
64,2,128,32,64,64,1,2,1,1,11.163,0,236,68
64,2,128,32,64,64,2,1,1,1,11.1175,0,203,64
64,2,128,64,64,1,1,2,1,1,11.4429,0,1824,577
64,2,128,64,64,1,2,1,1,1,11.3974,0,1782,562
64,2,128,64,64,2,1,2,1,1,11.1764,0,2229,693
64,2,128,64,64,2,2,1,1,1,11.1309,0,2187,696
64,2,128,64,64,4,1,2,1,1,11.1669,0,246,75
64,2,128,64,64,4,2,1,1,1,11.1214,0,239,73
64,2,128,64,64,8,1,2,1,1,11.0086,0,340,83
64,2,128,64,64,8,2,1,1,1,10.9631,0,269,82
64,2,128,64,64,16,1,2,1,1,10.9408,0,269,83
64,2,128,64,64,16,2,1,1,1,10.8952,0,262,80
64,2,128,64,64,32,1,2,1,1,11.202,0,283,86
64,2,128,64,64,32,2,1,1,1,11.1565,0,274,84
64,2,128,64,64,64,1,2,1,1,11.1571,0,328,83
64,2,128,64,64,64,2,1,1,1,11.1116,0,263,81
64,2,128,128,64,1,1,2,1,1,11.418,0,5280,1938
64,2,128,128,64,1,2,1,1,1,11.3725,0,5593,1951
64,2,128,128,64,2,1,2,1,1,11.4833,0,341,104
64,2,128,128,64,2,2,1,1,1,11.4378,0,329,103
64,2,128,128,64,4,1,2,1,1,11.2019,0,342,106
64,2,128,128,64,4,2,1,1,1,11.1564,0,322,105
64,2,128,128,64,8,1,2,1,1,10.9718,0,354,113
64,2,128,128,64,8,2,1,1,1,10.9263,0,372,114
64,2,128,128,64,16,1,2,1,1,10.9205,0,374,112
64,2,128,128,64,16,2,1,1,1,10.875,0,388,112
64,2,128,128,64,32,1,2,1,1,11.1925,0,423,119
64,2,128,128,64,32,2,1,1,1,11.147,0,397,119
64,2,256,1,32,1,1,2,1,1,13.3454,0,172,52
64,2,256,1,32,1,2,1,1,1,13.3477,0,164,50
64,2,256,1,32,2,1,2,1,1,14.503,0,158,50
64,2,256,1,32,2,2,1,1,1,14.5053,0,169,48
64,2,256,1,32,4,1,2,1,1,12.8892,0,171,51
64,2,256,1,32,4,2,1,1,1,12.8914,0,183,51
64,2,256,1,32,8,1,2,1,1,11.9917,0,184,53
64,2,256,1,32,8,2,1,1,1,11.9939,0,159,51
64,2,256,1,32,16,1,2,1,1,11.639,0,175,59
64,2,256,1,32,16,2,1,1,1,11.6413,0,165,57
64,2,256,1,32,32,1,2,1,1,11.3357,0,173,59
64,2,256,1,32,32,2,1,1,1,11.3379,0,189,59
64,2,256,2,32,1,1,2,1,1,13.5912,0,167,49
64,2,256,2,32,1,2,1,1,1,13.5935,0,167,47
64,2,256,2,32,2,1,2,1,1,12.6952,0,114,48
64,2,256,2,32,2,2,1,1,1,12.6975,0,167,47
64,2,256,2,32,4,1,2,1,1,11.8457,0,172,49
64,2,256,2,32,4,2,1,1,1,11.8479,0,171,49
64,2,256,2,32,8,1,2,1,1,11.457,0,178,56
64,2,256,2,32,8,2,1,1,1,11.4592,0,140,53
64,2,256,2,32,16,1,2,1,1,11.255,0,217,67
64,2,256,2,32,16,2,1,1,1,11.2572,0,153,66
64,2,256,2,32,32,1,2,1,1,11.0986,0,257,79
64,2,256,2,32,32,2,1,1,1,11.1009,0,252,76
64,2,256,4,32,1,1,2,1,1,12.4153,0,179,54
64,2,256,4,32,1,2,1,1,1,12.4176,0,167,54
64,2,256,4,32,2,1,2,1,1,11.8493,0,156,51
64,2,256,4,32,2,2,1,1,1,11.8515,0,165,50
64,2,256,4,32,4,1,2,1,1,11.4084,0,126,54
64,2,256,4,32,4,2,1,1,1,11.4107,0,185,57
64,2,256,4,32,8,1,2,1,1,11.1941,0,167,69
64,2,256,4,32,8,2,1,1,1,11.1964,0,224,68
64,2,256,4,32,16,1,2,1,1,11.1131,0,295,111
64,2,256,4,32,16,2,1,1,1,11.1153,0,336,111
64,2,256,4,32,32,1,2,1,1,11.2779,0,163,58
64,2,256,4,32,32,2,1,1,1,11.2802,0,133,58
64,2,256,8,32,1,1,2,1,1,11.889,0,184,61
64,2,256,8,32,1,2,1,1,1,11.8912,0,185,60
64,2,256,8,32,2,1,2,1,1,11.4798,0,177,58
64,2,256,8,32,2,2,1,1,1,11.4821,0,197,59
64,2,256,8,32,4,1,2,1,1,11.1792,0,214,75
64,2,256,8,32,4,2,1,1,1,11.1815,0,176,73
64,2,256,8,32,8,1,2,1,1,11.0761,0,338,116
64,2,256,8,32,8,2,1,1,1,11.0784,0,283,115
64,2,256,8,32,16,1,2,1,1,11.0078,0,774,257
64,2,256,8,32,16,2,1,1,1,11.0101,0,791,256
64,2,256,8,32,32,1,2,1,1,11.2478,0,170,60
64,2,256,8,32,32,2,1,1,1,11.25,0,181,59
64,2,256,16,32,1,1,2,1,1,11.624,0,261,90
64,2,256,16,32,1,2,1,1,1,11.6263,0,278,88
64,2,256,16,32,2,1,2,1,1,11.2841,0,273,88
64,2,256,16,32,2,2,1,1,1,11.2864,0,288,88
64,2,256,16,32,4,1,2,1,1,11.0999,0,306,137
64,2,256,16,32,4,2,1,1,1,11.1021,0,373,134
64,2,256,16,32,8,1,2,1,1,11.0011,0,737,286
64,2,256,16,32,8,2,1,1,1,11.0034,0,753,287
64,2,256,16,32,16,1,2,1,1,10.9953,0,108,63
64,2,256,16,32,16,2,1,1,1,10.9976,0,189,60
64,2,256,16,32,32,1,2,1,1,11.2358,0,164,62
64,2,256,16,32,32,2,1,1,1,11.238,0,122,60
64,2,256,32,32,1,1,2,1,1,11.4826,0,553,180
64,2,256,32,32,1,2,1,1,1,11.4848,0,486,179
64,2,256,32,32,2,1,2,1,1,11.208,0,592,201
64,2,256,32,32,2,2,1,1,1,11.2103,0,465,196
64,2,256,32,32,4,1,2,1,1,11.0488,0,948,370
64,2,256,32,32,4,2,1,1,1,11.051,0,912,372
64,2,256,32,32,8,1,2,1,1,11.0162,0,189,65
64,2,256,32,32,8,2,1,1,1,11.0185,0,173,63
64,2,256,32,32,16,1,2,1,1,10.9733,0,194,63
64,2,256,32,32,16,2,1,1,1,10.9756,0,181,62
64,2,256,32,32,32,1,2,1,1,11.205,0,162,65
64,2,256,32,32,32,2,1,1,1,11.2072,0,159,62
64,2,256,64,32,1,1,2,1,1,11.4339,0,1734,556
64,2,256,64,32,1,2,1,1,1,11.4362,0,1655,568
64,2,256,64,32,2,1,2,1,1,11.1674,0,2023,675
64,2,256,64,32,2,2,1,1,1,11.1697,0,2124,681
64,2,256,64,32,4,1,2,1,1,11.1577,0,190,75
64,2,256,64,32,4,2,1,1,1,11.1599,0,205,73
64,2,256,64,32,8,1,2,1,1,11.005,0,239,82
64,2,256,64,32,8,2,1,1,1,11.0072,0,193,79
64,2,256,64,32,16,1,2,1,1,10.9324,0,180,79
64,2,256,64,32,16,2,1,1,1,10.9347,0,238,77
64,2,256,64,32,32,1,2,1,1,11.191,0,267,82
64,2,256,64,32,32,2,1,1,1,11.1932,0,199,80
64,2,256,128,32,1,1,2,1,1,11.4088,0,7188,2338
64,2,256,128,32,1,2,1,1,1,11.4111,0,6131,2315
64,2,256,128,32,2,1,2,1,1,11.4739,0,336,124
64,2,256,128,32,2,2,1,1,1,11.4762,0,388,123
64,2,256,128,32,4,1,2,1,1,11.1925,0,345,125
64,2,256,128,32,4,2,1,1,1,11.1948,0,339,122
64,2,256,128,32,8,1,2,1,1,10.9623,0,338,134
64,2,256,128,32,8,2,1,1,1,10.9646,0,447,132
64,2,256,128,32,16,1,2,1,1,10.9111,0,433,131
64,2,256,128,32,16,2,1,1,1,10.9134,0,326,129
64,2,256,128,32,32,1,2,1,1,11.1821,0,346,131
64,2,256,128,32,32,2,1,1,1,11.1844,0,463,128
64,2,256,256,32,1,1,2,1,1,11.4559,0,1092,346
64,2,256,256,32,1,2,1,1,1,11.4582,0,926,331
64,2,256,256,32,2,1,2,1,1,11.4902,0,806,268
64,2,256,256,32,2,2,1,1,1,11.4924,0,940,274
64,2,256,256,32,4,1,2,1,1,11.1359,0,913,265
64,2,256,256,32,4,2,1,1,1,11.1382,0,757,265
64,2,256,256,32,8,1,2,1,1,10.9481,0,401,266
64,2,256,256,32,8,2,1,1,1,10.9504,0,856,272
64,2,256,256,32,16,1,2,1,1,10.905,0,535,276
64,2,256,256,32,16,2,1,1,1,10.9073,0,795,266
64,2,512,1,16,1,1,2,1,1,13.5038,0,174,51
64,2,512,1,16,1,2,1,1,1,13.4711,0,111,48
64,2,512,1,16,2,1,2,1,1,14.669,0,170,48
64,2,512,1,16,2,2,1,1,1,14.6363,0,106,45
64,2,512,1,16,4,1,2,1,1,13.0567,0,128,50
64,2,512,1,16,4,2,1,1,1,13.0241,0,131,46
64,2,512,1,16,8,1,2,1,1,12.1654,0,177,54
64,2,512,1,16,8,2,1,1,1,12.1328,0,167,51
64,2,512,1,16,16,1,2,1,1,11.2247,0,175,54
64,2,512,1,16,16,2,1,1,1,11.1921,0,125,53
64,2,512,2,16,1,1,2,1,1,13.7321,0,122,49
64,2,512,2,16,1,2,1,1,1,13.6995,0,105,48
64,2,512,2,16,2,1,2,1,1,12.8469,0,134,50
64,2,512,2,16,2,2,1,1,1,12.8143,0,150,47
64,2,512,2,16,4,1,2,1,1,12.0014,0,152,47
64,2,512,2,16,4,2,1,1,1,11.9688,0,160,48
64,2,512,2,16,8,1,2,1,1,11.6227,0,122,53
64,2,512,2,16,8,2,1,1,1,11.5901,0,161,54
64,2,512,2,16,16,1,2,1,1,11.1272,0,170,63
64,2,512,2,16,16,2,1,1,1,11.0946,0,135,58
64,2,512,4,16,1,1,2,1,1,12.5328,0,131,53
64,2,512,4,16,1,2,1,1,1,12.5002,0,161,52
64,2,512,4,16,2,1,2,1,1,11.9732,0,173,53
64,2,512,4,16,2,2,1,1,1,11.9406,0,129,49
64,2,512,4,16,4,1,2,1,1,11.5346,0,178,54
64,2,512,4,16,4,2,1,1,1,11.502,0,167,52
64,2,512,4,16,8,1,2,1,1,11.3147,0,206,67
64,2,512,4,16,8,2,1,1,1,11.2821,0,190,67
64,2,512,4,16,16,1,2,1,1,11.005,0,305,101
64,2,512,4,16,16,2,1,1,1,10.9723,0,167,95
64,2,512,8,16,1,1,2,1,1,11.9915,0,203,65
64,2,512,8,16,1,2,1,1,1,11.9589,0,213,61
64,2,512,8,16,2,1,2,1,1,11.5895,0,196,63
64,2,512,8,16,2,2,1,1,1,11.5569,0,197,60
64,2,512,8,16,4,1,2,1,1,11.2868,0,251,77
64,2,512,8,16,4,2,1,1,1,11.2541,0,232,73
64,2,512,8,16,8,1,2,1,1,11.18,0,249,112
64,2,512,8,16,8,2,1,1,1,11.1474,0,304,113
64,2,512,8,16,16,1,2,1,1,10.9748,0,672,219
64,2,512,8,16,16,2,1,1,1,10.9422,0,541,211
64,2,512,16,16,1,1,2,1,1,11.7221,0,246,87
64,2,512,16,16,1,2,1,1,1,11.6895,0,279,86
64,2,512,16,16,2,1,2,1,1,11.3874,0,303,92
64,2,512,16,16,2,2,1,1,1,11.3548,0,283,89
64,2,512,16,16,4,1,2,1,1,11.197,0,444,138
64,2,512,16,16,4,2,1,1,1,11.1643,0,442,135
64,2,512,16,16,8,1,2,1,1,11.098,0,893,291
64,2,512,16,16,8,2,1,1,1,11.0653,0,903,289
64,2,512,16,16,16,1,2,1,1,11.0624,0,129,54
64,2,512,16,16,16,2,1,1,1,11.0297,0,192,52
64,2,512,32,16,1,1,2,1,1,11.5778,0,412,188
64,2,512,32,16,1,2,1,1,1,11.5451,0,588,180
64,2,512,32,16,2,1,2,1,1,11.3035,0,456,199
64,2,512,32,16,2,2,1,1,1,11.2708,0,379,190
64,2,512,32,16,4,1,2,1,1,11.1451,0,1143,373
64,2,512,32,16,4,2,1,1,1,11.1125,0,958,374
64,2,512,32,16,8,1,2,1,1,11.1268,0,211,65
64,2,512,32,16,8,2,1,1,1,11.0941,0,168,63
64,2,512,32,16,16,1,2,1,1,11.0495,0,198,60
64,2,512,32,16,16,2,1,1,1,11.0168,0,174,58
64,2,512,64,16,1,1,2,1,1,11.528,0,1186,562
64,2,512,64,16,1,2,1,1,1,11.4954,0,1756,570
64,2,512,64,16,2,1,2,1,1,11.2616,0,1509,676
64,2,512,64,16,2,2,1,1,1,11.229,0,2151,695
64,2,512,64,16,4,1,2,1,1,11.2712,0,183,75
64,2,512,64,16,4,2,1,1,1,11.2386,0,221,70
64,2,512,64,16,8,1,2,1,1,11.102,0,245,83
64,2,512,64,16,8,2,1,1,1,11.0694,0,194,78
64,2,512,64,16,16,1,2,1,1,11.0185,0,243,77
64,2,512,64,16,16,2,1,1,1,10.9858,0,194,73
64,2,512,128,16,1,1,2,1,1,11.502,0,5700,2314
64,2,512,128,16,1,2,1,1,1,11.4694,0,5144,2300
64,2,512,128,16,2,1,2,1,1,11.5667,0,381,124
64,2,512,128,16,2,2,1,1,1,11.5341,0,388,124
64,2,512,128,16,4,1,2,1,1,11.2853,0,412,127
64,2,512,128,16,4,2,1,1,1,11.2527,0,282,119
64,2,512,128,16,8,1,2,1,1,11.0553,0,435,134
64,2,512,128,16,8,2,1,1,1,11.0226,0,320,128
64,2,512,128,16,16,1,2,1,1,11.0015,0,319,124
64,2,512,128,16,16,2,1,1,1,10.9689,0,319,122
64,2,512,256,16,1,1,2,1,1,11.5486,0,1140,406
64,2,512,256,16,1,2,1,1,1,11.5159,0,1326,410
64,2,512,256,16,2,1,2,1,1,11.5828,0,786,304
64,2,512,256,16,2,2,1,1,1,11.5501,0,751,302
64,2,512,256,16,4,1,2,1,1,11.2285,0,995,323
64,2,512,256,16,4,2,1,1,1,11.1959,0,1018,316
64,2,512,256,16,8,1,2,1,1,11.0407,0,856,326
64,2,512,256,16,8,2,1,1,1,11.0081,0,890,328
64,2,512,256,16,16,1,2,1,1,10.999,0,844,316
64,2,512,256,16,16,2,1,1,1,10.9663,0,715,320
64,2,512,512,16,1,1,2,1,1,11.5427,0,2358,977
64,2,512,512,16,1,2,1,1,1,11.51,0,2264,965
64,2,512,512,16,2,1,2,1,1,11.5332,0,2851,894
64,2,512,512,16,2,2,1,1,1,11.5005,0,2148,874
64,2,512,512,16,4,1,2,1,1,11.2081,0,2236,883
64,2,512,512,16,4,2,1,1,1,11.1754,0,2258,876
64,2,512,512,16,8,1,2,1,1,11.0393,0,2737,893
64,2,512,512,16,8,2,1,1,1,11.0066,0,2165,884
64,2,1024,1,8,1,2,1,1,1,13.7185,0,148,50
64,2,1024,1,8,2,2,1,1,1,14.9009,0,171,49
64,2,1024,1,8,4,2,1,1,1,13.3126,0,166,48
64,2,1024,1,8,8,2,1,1,1,11.5874,0,140,45
64,2,1024,2,8,1,2,1,1,1,13.9134,0,139,49
64,2,1024,2,8,2,2,1,1,1,13.0572,0,116,47
64,2,1024,2,8,4,2,1,1,1,12.2065,0,109,46
64,2,1024,2,8,8,2,1,1,1,11.3733,0,150,47
64,2,1024,4,8,1,2,1,1,1,12.6672,0,158,52
64,2,1024,4,8,2,2,1,1,1,12.1184,0,137,49
64,2,1024,4,8,4,2,1,1,1,11.6916,0,146,53
64,2,1024,4,8,8,2,1,1,1,11.1905,0,187,61
64,2,1024,8,8,1,2,1,1,1,12.096,0,189,61
64,2,1024,8,8,2,2,1,1,1,11.7053,0,191,58
64,2,1024,8,8,4,2,1,1,1,11.4009,0,149,69
64,2,1024,8,8,8,2,1,1,1,11.0725,0,255,99
64,2,1024,16,8,1,2,1,1,1,11.8178,0,257,88
64,2,1024,16,8,2,2,1,1,1,11.4934,0,255,84
64,2,1024,16,8,4,2,1,1,1,11.2906,0,363,127
64,2,1024,16,8,8,2,1,1,1,11.0425,0,563,230
64,2,1024,32,8,1,2,1,1,1,11.6676,0,564,180
64,2,1024,32,8,2,2,1,1,1,11.3938,0,460,194
64,2,1024,32,8,4,2,1,1,1,11.2373,0,871,380
64,2,1024,32,8,8,2,1,1,1,11.1784,0,134,61
64,2,1024,64,8,1,2,1,1,1,11.6156,0,1354,550
64,2,1024,64,8,2,2,1,1,1,11.3493,0,1703,673
64,2,1024,64,8,4,2,1,1,1,11.3589,0,172,71
64,2,1024,64,8,8,2,1,1,1,11.1702,0,240,74
64,2,1024,128,8,1,2,1,1,1,11.5879,0,5532,2304
64,2,1024,128,8,2,2,1,1,1,11.6517,0,319,118
64,2,1024,128,8,4,2,1,1,1,11.3703,0,302,122
64,2,1024,128,8,8,2,1,1,1,11.143,0,285,125
64,2,1024,256,8,1,2,1,1,1,11.633,0,1089,401
64,2,1024,256,8,2,2,1,1,1,11.667,0,888,319
64,2,1024,256,8,4,2,1,1,1,11.3127,0,743,317
64,2,1024,256,8,8,2,1,1,1,11.1224,0,960,313
64,2,1024,512,8,1,2,1,1,1,11.6266,0,2815,1216
64,2,1024,512,8,2,2,1,1,1,11.6171,0,2412,1061
64,2,1024,512,8,4,2,1,1,1,11.292,0,2401,1050
64,2,1024,512,8,8,2,1,1,1,11.1222,0,2870,1065
64,2,1024,1024,8,1,2,1,1,1,11.6068,0,10748,3573
64,2,1024,1024,8,2,2,1,1,1,11.5994,0,9935,3574
64,2,1024,1024,8,4,2,1,1,1,11.2891,0,9214,3366
64,4,4,1,1024,1,1,2,1,1,3.55577,0,112,36
64,4,4,1,1024,2,1,2,1,1,4.25085,0,97,36
64,4,4,1,1024,4,1,2,1,1,3.29585,0,84,36
64,4,4,1,1024,8,1,2,1,1,2.88094,0,122,41
64,4,4,1,1024,16,1,2,1,1,2.70801,0,136,48
64,4,4,1,1024,32,1,2,1,1,2.58998,0,169,59
64,4,4,1,1024,64,1,2,1,1,2.54828,0,300,99
64,4,4,1,1024,128,1,2,1,1,2.54157,0,476,227
64,4,4,1,1024,256,1,2,1,1,2.58019,0,2367,677
64,4,4,1,1024,512,1,2,1,1,2.55511,0,130,52
64,4,4,1,1024,1024,1,2,1,1,2.50445,0,141,45
64,4,4,2,1024,1,1,2,1,1,10.2995,0,93,36
64,4,4,2,1024,2,1,2,1,1,9.8646,0,84,33
64,4,4,2,1024,4,1,2,1,1,9.44168,0,107,36
64,4,4,2,1024,8,1,2,1,1,9.2802,0,93,41
64,4,4,2,1024,16,1,2,1,1,9.16035,0,110,51
64,4,4,2,1024,32,1,2,1,1,9.10195,0,278,89
64,4,4,2,1024,64,1,2,1,1,9.1018,0,615,205
64,4,4,2,1024,128,1,2,1,1,9.09359,0,205,70
64,4,4,2,1024,256,1,2,1,1,9.09245,0,156,69
64,4,4,2,1024,512,1,2,1,1,9.08492,0,182,69
64,4,4,2,1024,1024,1,2,1,1,2.40522,0,134,64
64,4,4,4,1024,1,1,2,1,1,9.77414,0,74,35
64,4,4,4,1024,2,1,2,1,1,9.48982,0,87,34
64,4,4,4,1024,4,1,2,1,1,9.26784,0,119,38
64,4,4,4,1024,8,1,2,1,1,9.14013,0,107,49
64,4,4,4,1024,16,1,2,1,1,9.12219,0,187,81
64,4,4,4,1024,32,1,2,1,1,9.22801,0,132,44
64,4,4,4,1024,64,1,2,1,1,9.21792,0,119,45
64,4,4,4,1024,128,1,2,1,1,9.22941,0,140,45
64,4,4,4,1024,256,1,2,1,1,9.18292,0,83,44
64,4,4,4,1024,512,1,2,1,1,9.17168,0,144,46
64,4,8,1,512,1,1,2,1,1,10.3522,0,139,50
64,4,8,1,512,1,2,1,1,1,10.2101,0,106,49
64,4,8,1,512,2,1,2,1,1,11.0468,0,132,47
64,4,8,1,512,2,2,1,1,1,10.9047,0,106,48
64,4,8,1,512,4,1,2,1,1,10.0905,0,127,49
64,4,8,1,512,4,2,1,1,1,9.94842,0,117,48
64,4,8,1,512,8,1,2,1,1,9.67681,0,163,54
64,4,8,1,512,8,2,1,1,1,9.53476,0,126,53
64,4,8,1,512,16,1,2,1,1,9.50367,0,151,57
64,4,8,1,512,16,2,1,1,1,9.36162,0,129,58
64,4,8,1,512,32,1,2,1,1,9.38557,0,196,72
64,4,8,1,512,32,2,1,1,1,9.24351,0,198,74
64,4,8,1,512,64,1,2,1,1,9.34373,0,339,117
64,4,8,1,512,64,2,1,1,1,9.20167,0,279,115
64,4,8,1,512,128,1,2,1,1,9.3376,0,758,255
64,4,8,1,512,128,2,1,1,1,9.19554,0,793,259
64,4,8,1,512,256,1,2,1,1,9.37586,0,1929,821
64,4,8,1,512,256,2,1,1,1,9.2338,0,1801,792
64,4,8,1,512,512,1,2,1,1,9.31476,0,127,60
64,4,8,1,512,512,2,1,1,1,9.17271,0,153,58
64,4,8,2,512,1,1,2,1,1,10.4374,0,96,46
64,4,8,2,512,1,2,1,1,1,10.2953,0,139,47
64,4,8,2,512,2,1,2,1,1,10.0027,0,141,46
64,4,8,2,512,2,2,1,1,1,9.86065,0,134,46
64,4,8,2,512,4,1,2,1,1,9.58007,0,104,48
64,4,8,2,512,4,2,1,1,1,9.43801,0,154,51
64,4,8,2,512,8,1,2,1,1,9.41712,0,167,54
64,4,8,2,512,8,2,1,1,1,9.27507,0,150,53
64,4,8,2,512,16,1,2,1,1,9.29822,0,181,66
64,4,8,2,512,16,2,1,1,1,9.15616,0,162,66
64,4,8,2,512,32,1,2,1,1,9.24174,0,342,112
64,4,8,2,512,32,2,1,1,1,9.09968,0,276,107
64,4,8,2,512,64,1,2,1,1,9.23972,0,735,250
64,4,8,2,512,64,2,1,1,1,9.09767,0,643,240
64,4,8,2,512,128,1,2,1,1,9.23136,0,200,85
64,4,8,2,512,128,2,1,1,1,9.0893,0,287,88
64,4,8,2,512,256,1,2,1,1,9.23043,0,211,84
64,4,8,2,512,256,2,1,1,1,9.08838,0,265,85
64,4,8,2,512,512,1,2,1,1,9.20753,0,222,76
64,4,8,2,512,512,2,1,1,1,9.06547,0,179,78
64,4,8,4,512,1,1,2,1,1,9.91183,0,172,54
64,4,8,4,512,1,2,1,1,1,9.76977,0,138,52
64,4,8,4,512,2,1,2,1,1,9.6237,0,111,50
64,4,8,4,512,2,2,1,1,1,9.48165,0,171,52
64,4,8,4,512,4,1,2,1,1,9.40625,0,172,54
64,4,8,4,512,4,2,1,1,1,9.2642,0,163,55
64,4,8,4,512,8,1,2,1,1,9.27787,0,171,68
64,4,8,4,512,8,2,1,1,1,9.13581,0,208,68
64,4,8,4,512,16,1,2,1,1,9.25961,0,321,105
64,4,8,4,512,16,2,1,1,1,9.11756,0,224,105
64,4,8,4,512,32,1,2,1,1,9.36544,0,211,62
64,4,8,4,512,32,2,1,1,1,9.22338,0,188,61
64,4,8,4,512,64,1,2,1,1,9.35237,0,183,63
64,4,8,4,512,64,2,1,1,1,9.21032,0,194,64
64,4,8,4,512,128,1,2,1,1,9.35522,0,204,62
64,4,8,4,512,128,2,1,1,1,9.21317,0,240,64
64,4,8,4,512,256,1,2,1,1,9.31586,0,205,62
64,4,8,4,512,256,2,1,1,1,9.1738,0,206,62
64,4,8,4,512,512,1,2,1,1,9.29746,0,127,57
64,4,8,4,512,512,2,1,1,1,9.1554,0,149,60
64,4,8,8,512,1,1,2,1,1,9.65218,0,228,55
64,4,8,8,512,1,2,1,1,1,9.51013,0,158,55
64,4,8,8,512,2,1,2,1,1,9.42895,0,171,54
64,4,8,8,512,2,2,1,1,1,9.28689,0,153,54
64,4,8,8,512,4,1,2,1,1,9.2934,0,208,67
64,4,8,8,512,4,2,1,1,1,9.15135,0,139,63
64,4,8,8,512,8,1,2,1,1,9.22658,0,350,102
64,4,8,8,512,8,2,1,1,1,9.08452,0,329,105
64,4,8,8,512,16,1,2,1,1,9.20755,0,761,237
64,4,8,8,512,16,2,1,1,1,9.06549,0,668,234
64,4,8,8,512,32,1,2,1,1,9.3672,0,111,58
64,4,8,8,512,32,2,1,1,1,9.22514,0,176,58
64,4,8,8,512,64,1,2,1,1,9.36917,0,150,59
64,4,8,8,512,64,2,1,1,1,9.22711,0,191,58
64,4,8,8,512,128,1,2,1,1,9.31586,0,106,56
64,4,8,8,512,128,2,1,1,1,9.1738,0,171,61
64,4,8,8,512,256,1,2,1,1,9.29597,0,169,58
64,4,8,8,512,256,2,1,1,1,9.15391,0,159,60
64,4,16,1,256,1,1,2,1,1,10.2556,0,114,48
64,4,16,1,256,1,2,1,1,1,10.2208,0,159,50
64,4,16,1,256,2,1,2,1,1,10.8336,0,148,48
64,4,16,1,256,2,2,1,1,1,10.7989,0,129,50
64,4,16,1,256,4,1,2,1,1,9.99289,0,159,49
64,4,16,1,256,4,2,1,1,1,9.95815,0,124,49
64,4,16,1,256,8,1,2,1,1,9.57979,0,117,52
64,4,16,1,256,8,2,1,1,1,9.54505,0,134,53
64,4,16,1,256,16,1,2,1,1,9.40618,0,185,58
64,4,16,1,256,16,2,1,1,1,9.37145,0,166,60
64,4,16,1,256,32,1,2,1,1,9.28799,0,161,72
64,4,16,1,256,32,2,1,1,1,9.25325,0,222,75
64,4,16,1,256,64,1,2,1,1,9.24674,0,372,117
64,4,16,1,256,64,2,1,1,1,9.21201,0,362,118
64,4,16,1,256,128,1,2,1,1,9.24079,0,551,255
64,4,16,1,256,128,2,1,1,1,9.20606,0,661,261
64,4,16,1,256,256,1,2,1,1,9.21314,0,184,57
64,4,16,1,256,256,2,1,1,1,9.1784,0,188,61
64,4,16,2,256,1,1,2,1,1,10.3395,0,146,46
64,4,16,2,256,1,2,1,1,1,10.3048,0,123,48
64,4,16,2,256,2,1,2,1,1,9.90534,0,98,47
64,4,16,2,256,2,2,1,1,1,9.8706,0,145,47
64,4,16,2,256,4,1,2,1,1,9.48303,0,110,49
64,4,16,2,256,4,2,1,1,1,9.4483,0,162,50
64,4,16,2,256,8,1,2,1,1,9.31991,0,112,51
64,4,16,2,256,8,2,1,1,1,9.28518,0,156,53
64,4,16,2,256,16,1,2,1,1,9.2004,0,206,67
64,4,16,2,256,16,2,1,1,1,9.16566,0,210,65
64,4,16,2,256,32,1,2,1,1,9.14538,0,329,106
64,4,16,2,256,32,2,1,1,1,9.11065,0,246,109
64,4,16,2,256,64,1,2,1,1,9.14176,0,737,244
64,4,16,2,256,64,2,1,1,1,9.10703,0,590,241
64,4,16,2,256,128,1,2,1,1,9.13381,0,236,84
64,4,16,2,256,128,2,1,1,1,9.09908,0,265,84
64,4,16,2,256,256,1,2,1,1,9.10976,0,183,76
64,4,16,2,256,256,2,1,1,1,9.07502,0,242,78
64,4,16,4,256,1,1,2,1,1,9.8132,0,166,51
64,4,16,4,256,1,2,1,1,1,9.77847,0,170,53
64,4,16,4,256,2,1,2,1,1,9.52596,0,120,51
64,4,16,4,256,2,2,1,1,1,9.49122,0,163,52
64,4,16,4,256,4,1,2,1,1,9.30779,0,187,54
64,4,16,4,256,4,2,1,1,1,9.27306,0,149,55
64,4,16,4,256,8,1,2,1,1,9.17934,0,210,68
64,4,16,4,256,8,2,1,1,1,9.1446,0,220,69
64,4,16,4,256,16,1,2,1,1,9.15897,0,337,107
64,4,16,4,256,16,2,1,1,1,9.12424,0,351,111
64,4,16,4,256,32,1,2,1,1,9.26722,0,198,61
64,4,16,4,256,32,2,1,1,1,9.23249,0,200,63
64,4,16,4,256,64,1,2,1,1,9.24213,0,176,64
64,4,16,4,256,64,2,1,1,1,9.20739,0,210,66
64,4,16,4,256,128,1,2,1,1,9.24132,0,144,63
64,4,16,4,256,128,2,1,1,1,9.20658,0,188,63
64,4,16,4,256,256,1,2,1,1,9.1994,0,176,57
64,4,16,4,256,256,2,1,1,1,9.16466,0,193,59
64,4,16,8,256,1,1,2,1,1,9.55337,0,190,60
64,4,16,8,256,1,2,1,1,1,9.51864,0,202,65
64,4,16,8,256,2,1,2,1,1,9.33027,0,194,60
64,4,16,8,256,2,2,1,1,1,9.29553,0,169,62
64,4,16,8,256,4,1,2,1,1,9.19471,0,240,75
64,4,16,8,256,4,2,1,1,1,9.15998,0,228,72
64,4,16,8,256,8,1,2,1,1,9.12586,0,357,114
64,4,16,8,256,8,2,1,1,1,9.09112,0,335,111
64,4,16,8,256,16,1,2,1,1,9.1086,0,595,253
64,4,16,8,256,16,2,1,1,1,9.07387,0,797,265
64,4,16,8,256,32,1,2,1,1,9.26899,0,206,64
64,4,16,8,256,32,2,1,1,1,9.23426,0,207,63
64,4,16,8,256,64,1,2,1,1,9.26015,0,188,61
64,4,16,8,256,64,2,1,1,1,9.22541,0,174,64
64,4,16,8,256,128,1,2,1,1,9.21621,0,192,61
64,4,16,8,256,128,2,1,1,1,9.18147,0,199,64
64,4,16,8,256,256,1,2,1,1,9.19351,0,124,56
64,4,16,8,256,256,2,1,1,1,9.15877,0,201,63
64,4,16,16,256,1,1,2,1,1,9.43866,0,235,76
64,4,16,16,256,1,2,1,1,1,9.40393,0,220,80
64,4,16,16,256,2,1,2,1,1,9.25062,0,241,78
64,4,16,16,256,2,2,1,1,1,9.21588,0,235,78
64,4,16,16,256,4,1,2,1,1,9.13108,0,376,118
64,4,16,16,256,4,2,1,1,1,9.09635,0,322,120
64,4,16,16,256,8,1,2,1,1,9.09699,0,625,259
64,4,16,16,256,8,2,1,1,1,9.06226,0,682,263
64,4,16,16,256,16,1,2,1,1,9.09086,0,163,54
64,4,16,16,256,16,2,1,1,1,9.05613,0,180,58
64,4,16,16,256,32,1,2,1,1,9.2857,0,182,58
64,4,16,16,256,32,2,1,1,1,9.25096,0,133,58
64,4,16,16,256,64,1,2,1,1,9.22625,0,170,59
64,4,16,16,256,64,2,1,1,1,9.19152,0,193,60
64,4,16,16,256,128,1,2,1,1,9.1911,0,193,60
64,4,16,16,256,128,2,1,1,1,9.15637,0,180,60
64,4,32,1,128,1,1,2,1,1,10.3001,0,181,54
64,4,32,1,128,1,2,1,1,1,10.2447,0,159,50
64,4,32,1,128,2,1,2,1,1,10.9827,0,136,47
64,4,32,1,128,2,2,1,1,1,10.9273,0,139,48
64,4,32,1,128,4,1,2,1,1,10.0265,0,111,48
64,4,32,1,128,4,2,1,1,1,9.97109,0,143,52
64,4,32,1,128,8,1,2,1,1,9.61277,0,148,54
64,4,32,1,128,8,2,1,1,1,9.55736,0,138,53
64,4,32,1,128,16,1,2,1,1,9.43841,0,202,61
64,4,32,1,128,16,2,1,1,1,9.383,0,192,59
64,4,32,1,128,32,1,2,1,1,9.32004,0,248,76
64,4,32,1,128,32,2,1,1,1,9.26463,0,221,71
64,4,32,1,128,64,1,2,1,1,9.27844,0,313,117
64,4,32,1,128,64,2,1,1,1,9.22303,0,361,120
64,4,32,1,128,128,1,2,1,1,9.25252,0,142,62
64,4,32,1,128,128,2,1,1,1,9.19711,0,196,62
64,4,32,2,128,1,1,2,1,1,10.3741,0,116,53
64,4,32,2,128,1,2,1,1,1,10.3187,0,153,48
64,4,32,2,128,2,1,2,1,1,9.93761,0,128,47
64,4,32,2,128,2,2,1,1,1,9.8822,0,148,49
64,4,32,2,128,4,1,2,1,1,9.51619,0,127,50
64,4,32,2,128,4,2,1,1,1,9.46078,0,143,50
64,4,32,2,128,8,1,2,1,1,9.3512,0,182,57
64,4,32,2,128,8,2,1,1,1,9.29579,0,155,58
64,4,32,2,128,16,1,2,1,1,9.23196,0,184,71
64,4,32,2,128,16,2,1,1,1,9.17655,0,203,68
64,4,32,2,128,32,1,2,1,1,9.17906,0,280,106
64,4,32,2,128,32,2,1,1,1,9.12365,0,337,112
64,4,32,2,128,64,1,2,1,1,9.17312,0,731,252
64,4,32,2,128,64,2,1,1,1,9.11771,0,623,245
64,4,32,2,128,128,1,2,1,1,9.14583,0,253,82
64,4,32,2,128,128,2,1,1,1,9.09042,0,211,77
64,4,32,4,128,1,1,2,1,1,9.8435,0,168,54
64,4,32,4,128,1,2,1,1,1,9.78809,0,176,54
64,4,32,4,128,2,1,2,1,1,9.55423,0,140,54
64,4,32,4,128,2,2,1,1,1,9.49882,0,148,51
64,4,32,4,128,4,1,2,1,1,9.33802,0,169,56
64,4,32,4,128,4,2,1,1,1,9.28261,0,136,57
64,4,32,4,128,8,1,2,1,1,9.20952,0,214,70
64,4,32,4,128,8,2,1,1,1,9.15411,0,199,69
64,4,32,4,128,16,1,2,1,1,9.18403,0,331,115
64,4,32,4,128,16,2,1,1,1,9.12862,0,312,108
64,4,32,4,128,32,1,2,1,1,9.29792,0,183,61
64,4,32,4,128,32,2,1,1,1,9.24251,0,144,62
64,4,32,4,128,64,1,2,1,1,9.274,0,196,64
64,4,32,4,128,64,2,1,1,1,9.21859,0,182,66
64,4,32,4,128,128,1,2,1,1,9.24786,0,180,58
64,4,32,4,128,128,2,1,1,1,9.19245,0,191,59
64,4,32,8,128,1,1,2,1,1,9.58547,0,178,64
64,4,32,8,128,1,2,1,1,1,9.53006,0,179,62
64,4,32,8,128,2,1,2,1,1,9.35968,0,168,62
64,4,32,8,128,2,2,1,1,1,9.30427,0,154,63
64,4,32,8,128,4,1,2,1,1,9.22406,0,256,73
64,4,32,8,128,4,2,1,1,1,9.16865,0,222,78
64,4,32,8,128,8,1,2,1,1,9.1553,0,349,116
64,4,32,8,128,8,2,1,1,1,9.09989,0,316,112
64,4,32,8,128,16,1,2,1,1,9.13777,0,723,258
64,4,32,8,128,16,2,1,1,1,9.08236,0,642,270
64,4,32,8,128,32,1,2,1,1,9.2861,0,215,67
64,4,32,8,128,32,2,1,1,1,9.2307,0,186,67
64,4,32,8,128,64,1,2,1,1,9.28406,0,231,63
64,4,32,8,128,64,2,1,1,1,9.22865,0,243,64
64,4,32,8,128,128,1,2,1,1,9.23408,0,179,62
64,4,32,8,128,128,2,1,1,1,9.17867,0,147,58
64,4,32,16,128,1,1,2,1,1,9.45605,0,257,91
64,4,32,16,128,1,2,1,1,1,9.40064,0,290,90
64,4,32,16,128,2,1,2,1,1,9.27969,0,243,93
64,4,32,16,128,2,2,1,1,1,9.22428,0,287,89
64,4,32,16,128,4,1,2,1,1,9.16311,0,449,136
64,4,32,16,128,4,2,1,1,1,9.10771,0,452,136
64,4,32,16,128,8,1,2,1,1,9.12627,0,637,292
64,4,32,16,128,8,2,1,1,1,9.07087,0,645,282
64,4,32,16,128,16,1,2,1,1,9.11474,0,224,63
64,4,32,16,128,16,2,1,1,1,9.05933,0,192,61
64,4,32,16,128,32,1,2,1,1,9.31332,0,203,65
64,4,32,16,128,32,2,1,1,1,9.25791,0,158,63
64,4,32,16,128,64,1,2,1,1,9.25277,0,192,65
64,4,32,16,128,64,2,1,1,1,9.19737,0,214,67
64,4,32,16,128,128,1,2,1,1,9.22681,0,199,63
64,4,32,16,128,128,2,1,1,1,9.1714,0,203,61
64,4,32,32,128,1,1,2,1,1,9.38419,0,492,159
64,4,32,32,128,1,2,1,1,1,9.32879,0,481,157
64,4,32,32,128,2,1,2,1,1,9.2414,0,363,161
64,4,32,32,128,2,2,1,1,1,9.18599,0,373,167
64,4,32,32,128,4,1,2,1,1,9.16458,0,1053,345
64,4,32,32,128,4,2,1,1,1,9.10917,0,1056,339
64,4,32,32,128,8,1,2,1,1,9.11999,0,192,61
64,4,32,32,128,8,2,1,1,1,9.06458,0,187,60
64,4,32,32,128,16,1,2,1,1,9.13532,0,196,61
64,4,32,32,128,16,2,1,1,1,9.07991,0,165,62
64,4,32,32,128,32,1,2,1,1,9.27041,0,221,66
64,4,32,32,128,32,2,1,1,1,9.215,0,223,66
64,4,32,32,128,64,1,2,1,1,9.23117,0,154,67
64,4,32,32,128,64,2,1,1,1,9.17576,0,180,65
64,4,64,1,64,1,1,2,1,1,10.3224,0,161,50
64,4,64,1,64,1,2,1,1,1,10.2707,0,161,51
64,4,64,1,64,2,1,2,1,1,10.9204,0,146,50
64,4,64,1,64,2,2,1,1,1,10.8687,0,160,49
64,4,64,1,64,4,1,2,1,1,10.0547,0,155,51
64,4,64,1,64,4,2,1,1,1,10.003,0,100,52
64,4,64,1,64,8,1,2,1,1,9.63984,0,177,55
64,4,64,1,64,8,2,1,1,1,9.58814,0,165,53
64,4,64,1,64,16,1,2,1,1,9.46385,0,150,64
64,4,64,1,64,16,2,1,1,1,9.41215,0,168,60
64,4,64,1,64,32,1,2,1,1,9.34516,0,228,74
64,4,64,1,64,32,2,1,1,1,9.29345,0,197,74
64,4,64,1,64,64,1,2,1,1,9.29712,0,171,60
64,4,64,1,64,64,2,1,1,1,9.24542,0,193,60
64,4,64,2,64,1,1,2,1,1,10.3955,0,174,50
64,4,64,2,64,1,2,1,1,1,10.3438,0,111,51
64,4,64,2,64,2,1,2,1,1,9.9636,0,123,48
64,4,64,2,64,2,2,1,1,1,9.9119,0,138,46
64,4,64,2,64,4,1,2,1,1,9.54352,0,163,50
64,4,64,2,64,4,2,1,1,1,9.49181,0,191,52
64,4,64,2,64,8,1,2,1,1,9.3741,0,135,57
64,4,64,2,64,8,2,1,1,1,9.32239,0,178,53
64,4,64,2,64,16,1,2,1,1,9.25607,0,235,70
64,4,64,2,64,16,2,1,1,1,9.20436,0,211,66
64,4,64,2,64,32,1,2,1,1,9.20663,0,249,108
64,4,64,2,64,32,2,1,1,1,9.15492,0,328,109
64,4,64,2,64,64,1,2,1,1,9.17407,0,243,81
64,4,64,2,64,64,2,1,1,1,9.12236,0,244,78
64,4,64,4,64,1,1,2,1,1,9.86463,0,165,53
64,4,64,4,64,1,2,1,1,1,9.81293,0,130,55
64,4,64,4,64,2,1,2,1,1,9.57594,0,165,52
64,4,64,4,64,2,2,1,1,1,9.52423,0,173,54
64,4,64,4,64,4,1,2,1,1,9.35943,0,174,58
64,4,64,4,64,4,2,1,1,1,9.30773,0,175,55
64,4,64,4,64,8,1,2,1,1,9.23082,0,174,71
64,4,64,4,64,8,2,1,1,1,9.17911,0,217,70
64,4,64,4,64,16,1,2,1,1,9.20302,0,344,107
64,4,64,4,64,16,2,1,1,1,9.15131,0,260,108
64,4,64,4,64,32,1,2,1,1,9.32081,0,186,63
64,4,64,4,64,32,2,1,1,1,9.2691,0,216,64
64,4,64,4,64,64,1,2,1,1,9.27811,0,199,59
64,4,64,4,64,64,2,1,1,1,9.2264,0,183,60
64,4,64,8,64,1,1,2,1,1,9.60689,0,200,63
64,4,64,8,64,1,2,1,1,1,9.55519,0,192,63
64,4,64,8,64,2,1,2,1,1,9.37951,0,196,62
64,4,64,8,64,2,2,1,1,1,9.3278,0,150,63
64,4,64,8,64,4,1,2,1,1,9.24378,0,240,76
64,4,64,8,64,4,2,1,1,1,9.19207,0,218,74
64,4,64,8,64,8,1,2,1,1,9.1739,0,341,113
64,4,64,8,64,8,2,1,1,1,9.12219,0,360,112
64,4,64,8,64,16,1,2,1,1,9.15751,0,772,253
64,4,64,8,64,16,2,1,1,1,9.1058,0,618,255
64,4,64,8,64,32,1,2,1,1,9.30578,0,196,66
64,4,64,8,64,32,2,1,1,1,9.25408,0,168,63
64,4,64,8,64,64,1,2,1,1,9.27143,0,169,59
64,4,64,8,64,64,2,1,1,1,9.21972,0,178,61
64,4,64,16,64,1,1,2,1,1,9.4699,0,270,88
64,4,64,16,64,1,2,1,1,1,9.41819,0,275,87
64,4,64,16,64,2,1,2,1,1,9.29842,0,259,89
64,4,64,16,64,2,2,1,1,1,9.24672,0,236,90
64,4,64,16,64,4,1,2,1,1,9.18766,0,356,136
64,4,64,16,64,4,2,1,1,1,9.13595,0,399,135
64,4,64,16,64,8,1,2,1,1,9.14535,0,725,281
64,4,64,16,64,8,2,1,1,1,9.09364,0,792,279
64,4,64,16,64,16,1,2,1,1,9.13455,0,170,60
64,4,64,16,64,16,2,1,1,1,9.08284,0,130,61
64,4,64,16,64,32,1,2,1,1,9.33113,0,219,69
64,4,64,16,64,32,2,1,1,1,9.27943,0,229,67
64,4,64,16,64,64,1,2,1,1,9.26186,0,174,64
64,4,64,16,64,64,2,1,1,1,9.21015,0,173,59
64,4,64,32,64,1,1,2,1,1,9.40301,0,541,180
64,4,64,32,64,1,2,1,1,1,9.3513,0,460,180
64,4,64,32,64,2,1,2,1,1,9.25137,0,496,198
64,4,64,32,64,2,2,1,1,1,9.19967,0,663,204
64,4,64,32,64,4,1,2,1,1,9.18521,0,1158,382
64,4,64,32,64,4,2,1,1,1,9.1335,0,1136,385
64,4,64,32,64,8,1,2,1,1,9.139,0,225,67
64,4,64,32,64,8,2,1,1,1,9.08729,0,209,67
64,4,64,32,64,16,1,2,1,1,9.15418,0,184,69
64,4,64,32,64,16,2,1,1,1,9.10247,0,165,66
64,4,64,32,64,32,1,2,1,1,9.28778,0,206,68
64,4,64,32,64,32,2,1,1,1,9.23607,0,260,67
64,4,64,32,64,64,1,2,1,1,9.25443,0,301,69
64,4,64,32,64,64,2,1,1,1,9.20272,0,199,66
64,4,64,64,64,1,1,2,1,1,9.38001,0,1547,464
64,4,64,64,64,1,2,1,1,1,9.3283,0,1455,460
64,4,64,64,64,2,1,2,1,1,9.25461,0,1614,574
64,4,64,64,64,2,2,1,1,1,9.20291,0,1505,580
64,4,64,64,64,4,1,2,1,1,9.25078,0,213,65
64,4,64,64,64,4,2,1,1,1,9.19907,0,231,67
64,4,64,64,64,8,1,2,1,1,9.17014,0,234,74
64,4,64,64,64,8,2,1,1,1,9.11843,0,242,75
64,4,64,64,64,16,1,2,1,1,9.10748,0,201,70
64,4,64,64,64,16,2,1,1,1,9.05577,0,224,70
64,4,64,64,64,32,1,2,1,1,9.26604,0,189,74
64,4,64,64,64,32,2,1,1,1,9.21433,0,207,74
64,4,128,1,32,1,1,2,1,1,10.3236,0,182,52
64,4,128,1,32,1,2,1,1,1,10.3217,0,169,50
64,4,128,1,32,2,1,2,1,1,11.0115,0,96,47
64,4,128,1,32,2,2,1,1,1,11.0096,0,165,50
64,4,128,1,32,4,1,2,1,1,10.0605,0,172,51
64,4,128,1,32,4,2,1,1,1,10.0587,0,146,49
64,4,128,1,32,8,1,2,1,1,9.64617,0,174,54
64,4,128,1,32,8,2,1,1,1,9.64434,0,165,54
64,4,128,1,32,16,1,2,1,1,9.46388,0,145,59
64,4,128,1,32,16,2,1,1,1,9.46205,0,198,61
64,4,128,1,32,32,1,2,1,1,9.31506,0,193,60
64,4,128,1,32,32,2,1,1,1,9.31323,0,188,61
64,4,128,2,32,1,1,2,1,1,10.3947,0,164,50
64,4,128,2,32,1,2,1,1,1,10.3929,0,120,48
64,4,128,2,32,2,1,2,1,1,9.96472,0,173,50
64,4,128,2,32,2,2,1,1,1,9.96289,0,124,50
64,4,128,2,32,4,1,2,1,1,9.54787,0,163,53
64,4,128,2,32,4,2,1,1,1,9.54604,0,144,54
64,4,128,2,32,8,1,2,1,1,9.37589,0,204,59
64,4,128,2,32,8,2,1,1,1,9.37405,0,213,57
64,4,128,2,32,16,1,2,1,1,9.2532,0,228,72
64,4,128,2,32,16,2,1,1,1,9.25137,0,176,69
64,4,128,2,32,32,1,2,1,1,9.18525,0,226,83
64,4,128,2,32,32,2,1,1,1,9.18341,0,257,80
64,4,128,4,32,1,1,2,1,1,9.85686,0,145,54
64,4,128,4,32,1,2,1,1,1,9.85503,0,76,54
64,4,128,4,32,2,1,2,1,1,9.56854,0,171,54
64,4,128,4,32,2,2,1,1,1,9.56671,0,189,57
64,4,128,4,32,4,1,2,1,1,9.35224,0,81,60
64,4,128,4,32,4,2,1,1,1,9.35041,0,193,59
64,4,128,4,32,8,1,2,1,1,9.22327,0,181,70
64,4,128,4,32,8,2,1,1,1,9.22144,0,233,72
64,4,128,4,32,16,1,2,1,1,9.19551,0,322,114
64,4,128,4,32,16,2,1,1,1,9.19368,0,128,111
64,4,128,4,32,32,1,2,1,1,9.29144,0,187,62
64,4,128,4,32,32,2,1,1,1,9.28961,0,187,60
64,4,128,8,32,1,1,2,1,1,9.59552,0,211,65
64,4,128,8,32,1,2,1,1,1,9.59369,0,202,65
64,4,128,8,32,2,1,2,1,1,9.36898,0,202,66
64,4,128,8,32,2,2,1,1,1,9.36714,0,110,64
64,4,128,8,32,4,1,2,1,1,9.23304,0,243,80
64,4,128,8,32,4,2,1,1,1,9.2312,0,211,76
64,4,128,8,32,8,1,2,1,1,9.16403,0,375,122
64,4,128,8,32,8,2,1,1,1,9.1622,0,372,120
64,4,128,8,32,16,1,2,1,1,9.14706,0,842,268
64,4,128,8,32,16,2,1,1,1,9.14522,0,858,271
64,4,128,8,32,32,1,2,1,1,9.28289,0,185,61
64,4,128,8,32,32,2,1,1,1,9.28105,0,189,63
64,4,128,16,32,1,1,2,1,1,9.45318,0,300,95
64,4,128,16,32,1,2,1,1,1,9.45135,0,295,91
64,4,128,16,32,2,1,2,1,1,9.28578,0,260,93
64,4,128,16,32,2,2,1,1,1,9.28395,0,308,94
64,4,128,16,32,4,1,2,1,1,9.16811,0,428,144
64,4,128,16,32,4,2,1,1,1,9.16627,0,244,137
64,4,128,16,32,8,1,2,1,1,9.13346,0,969,293
64,4,128,16,32,8,2,1,1,1,9.13162,0,740,289
64,4,128,16,32,16,1,2,1,1,9.12169,0,185,62
64,4,128,16,32,16,2,1,1,1,9.11985,0,173,63
64,4,128,16,32,32,1,2,1,1,9.2785,0,217,66
64,4,128,16,32,32,2,1,1,1,9.27667,0,204,64
64,4,128,32,32,1,1,2,1,1,9.39003,0,673,188
64,4,128,32,32,1,2,1,1,1,9.3882,0,567,189
64,4,128,32,32,2,1,2,1,1,9.24256,0,646,202
64,4,128,32,32,2,2,1,1,1,9.24073,0,367,202
64,4,128,32,32,4,1,2,1,1,9.16991,0,1051,389
64,4,128,32,32,4,2,1,1,1,9.16807,0,810,374
64,4,128,32,32,8,1,2,1,1,9.12645,0,172,68
64,4,128,32,32,8,2,1,1,1,9.12462,0,142,66
64,4,128,32,32,16,1,2,1,1,9.14088,0,213,66
64,4,128,32,32,16,2,1,1,1,9.13905,0,211,66
64,4,128,32,32,32,1,2,1,1,9.265,0,204,66
64,4,128,32,32,32,2,1,1,1,9.26317,0,167,66
64,4,128,64,32,1,1,2,1,1,9.36524,0,1237,579
64,4,128,64,32,1,2,1,1,1,9.36341,0,1790,575
64,4,128,64,32,2,1,2,1,1,9.2406,0,2068,692
64,4,128,64,32,2,2,1,1,1,9.23877,0,2201,707
64,4,128,64,32,4,1,2,1,1,9.23704,0,289,79
64,4,128,64,32,4,2,1,1,1,9.23521,0,190,75
64,4,128,64,32,8,1,2,1,1,9.15576,0,276,86
64,4,128,64,32,8,2,1,1,1,9.15393,0,256,85
64,4,128,64,32,16,1,2,1,1,9.09384,0,257,84
64,4,128,64,32,16,2,1,1,1,9.092,0,216,80
64,4,128,64,32,32,1,2,1,1,9.25909,0,235,82
64,4,128,64,32,32,2,1,1,1,9.25726,0,221,82
64,4,128,128,32,1,1,2,1,1,9.36973,0,5582,1923
64,4,128,128,32,1,2,1,1,1,9.3679,0,5666,1934
64,4,128,128,32,2,1,2,1,1,9.40056,0,345,108
64,4,128,128,32,2,2,1,1,1,9.39873,0,280,105
64,4,128,128,32,4,1,2,1,1,9.27264,0,341,109
64,4,128,128,32,4,2,1,1,1,9.2708,0,321,108
64,4,128,128,32,8,1,2,1,1,9.1128,0,366,117
64,4,128,128,32,8,2,1,1,1,9.11097,0,330,117
64,4,128,128,32,16,1,2,1,1,9.06912,0,368,117
64,4,128,128,32,16,2,1,1,1,9.06729,0,277,113
64,4,256,1,16,1,1,2,1,1,10.4433,0,168,53
64,4,256,1,16,1,2,1,1,1,10.4074,0,158,51
64,4,256,1,16,2,1,2,1,1,11.038,0,171,52
64,4,256,1,16,2,2,1,1,1,11.002,0,167,50
64,4,256,1,16,4,1,2,1,1,10.189,0,172,54
64,4,256,1,16,4,2,1,1,1,10.153,0,144,51
64,4,256,1,16,8,1,2,1,1,9.76905,0,168,56
64,4,256,1,16,8,2,1,1,1,9.7331,0,154,53
64,4,256,1,16,16,1,2,1,1,9.26798,0,149,56
64,4,256,1,16,16,2,1,1,1,9.23203,0,161,52
64,4,256,2,16,1,1,2,1,1,10.5065,0,130,51
64,4,256,2,16,1,2,1,1,1,10.4706,0,153,46
64,4,256,2,16,2,1,2,1,1,10.0816,0,140,50
64,4,256,2,16,2,2,1,1,1,10.0456,0,145,47
64,4,256,2,16,4,1,2,1,1,9.67244,0,168,51
64,4,256,2,16,4,2,1,1,1,9.63648,0,163,48
64,4,256,2,16,8,1,2,1,1,9.47656,0,160,56
64,4,256,2,16,8,2,1,1,1,9.4406,0,158,53
64,4,256,2,16,16,1,2,1,1,9.22351,0,172,62
64,4,256,2,16,16,2,1,1,1,9.18756,0,172,60
64,4,256,4,16,1,1,2,1,1,9.95682,0,174,55
64,4,256,4,16,1,2,1,1,1,9.92087,0,166,51
64,4,256,4,16,2,1,2,1,1,9.66931,0,165,52
64,4,256,4,16,2,2,1,1,1,9.63336,0,170,50
64,4,256,4,16,4,1,2,1,1,9.45332,0,177,59
64,4,256,4,16,4,2,1,1,1,9.41737,0,190,56
64,4,256,4,16,8,1,2,1,1,9.32377,0,238,71
64,4,256,4,16,8,2,1,1,1,9.28782,0,235,71
64,4,256,4,16,16,1,2,1,1,9.15441,0,352,98
64,4,256,4,16,16,2,1,1,1,9.11846,0,333,99
64,4,256,8,16,1,1,2,1,1,9.68798,0,224,68
64,4,256,8,16,1,2,1,1,1,9.65202,0,196,61
64,4,256,8,16,2,1,2,1,1,9.46353,0,196,64
64,4,256,8,16,2,2,1,1,1,9.42757,0,238,63
64,4,256,8,16,4,1,2,1,1,9.32706,0,272,78
64,4,256,8,16,4,2,1,1,1,9.2911,0,246,77
64,4,256,8,16,8,1,2,1,1,9.2613,0,361,122
64,4,256,8,16,8,2,1,1,1,9.22535,0,376,116
64,4,256,8,16,16,1,2,1,1,9.14834,0,712,225
64,4,256,8,16,16,2,1,1,1,9.11239,0,693,219
64,4,256,16,16,1,1,2,1,1,9.54272,0,214,94
64,4,256,16,16,1,2,1,1,1,9.50677,0,261,92
64,4,256,16,16,2,1,2,1,1,9.37603,0,307,97
64,4,256,16,16,2,2,1,1,1,9.34008,0,284,91
64,4,256,16,16,4,1,2,1,1,9.27222,0,422,135
64,4,256,16,16,4,2,1,1,1,9.23626,0,415,132
64,4,256,16,16,8,1,2,1,1,9.22523,0,864,291
64,4,256,16,16,8,2,1,1,1,9.18927,0,646,285
64,4,256,16,16,16,1,2,1,1,9.18929,0,183,57
64,4,256,16,16,16,2,1,1,1,9.15334,0,165,55
64,4,256,32,16,1,1,2,1,1,9.4794,0,589,187
64,4,256,32,16,1,2,1,1,1,9.44345,0,562,183
64,4,256,32,16,2,1,2,1,1,9.33289,0,567,199
64,4,256,32,16,2,2,1,1,1,9.29693,0,631,199
64,4,256,32,16,4,1,2,1,1,9.25942,0,1135,382
64,4,256,32,16,4,2,1,1,1,9.22346,0,1116,377
64,4,256,32,16,8,1,2,1,1,9.21689,0,224,67
64,4,256,32,16,8,2,1,1,1,9.18093,0,215,65
64,4,256,32,16,16,1,2,1,1,9.18945,0,193,62
64,4,256,32,16,16,2,1,1,1,9.1535,0,172,61
64,4,256,64,16,1,1,2,1,1,9.4513,0,1563,558
64,4,256,64,16,1,2,1,1,1,9.41535,0,1528,561
64,4,256,64,16,2,1,2,1,1,9.32766,0,2066,684
64,4,256,64,16,2,2,1,1,1,9.29171,0,2126,695
64,4,256,64,16,4,1,2,1,1,9.3243,0,223,78
64,4,256,64,16,4,2,1,1,1,9.28835,0,235,76
64,4,256,64,16,8,1,2,1,1,9.24436,0,257,85
64,4,256,64,16,8,2,1,1,1,9.2084,0,248,83
64,4,256,64,16,16,1,2,1,1,9.16772,0,244,78
64,4,256,64,16,16,2,1,1,1,9.13176,0,217,74
64,4,256,128,16,1,1,2,1,1,9.45694,0,6245,2324
64,4,256,128,16,1,2,1,1,1,9.42099,0,5748,2299
64,4,256,128,16,2,1,2,1,1,9.47844,0,388,124
64,4,256,128,16,2,2,1,1,1,9.44249,0,379,120
64,4,256,128,16,4,1,2,1,1,9.3596,0,362,127
64,4,256,128,16,4,2,1,1,1,9.32365,0,397,125
64,4,256,128,16,8,1,2,1,1,9.20016,0,418,134
64,4,256,128,16,8,2,1,1,1,9.16421,0,288,134
64,4,256,128,16,16,1,2,1,1,9.17077,0,400,130
64,4,256,128,16,16,2,1,1,1,9.13482,0,427,126
64,4,256,256,16,1,1,2,1,1,9.47971,0,1064,346
64,4,256,256,16,1,2,1,1,1,9.44375,0,852,337
64,4,256,256,16,2,1,2,1,1,9.5458,0,813,258
64,4,256,256,16,2,2,1,1,1,9.50985,0,838,261
64,4,256,256,16,4,1,2,1,1,9.30673,0,824,265
64,4,256,256,16,4,2,1,1,1,9.27077,0,817,258
64,4,256,256,16,8,1,2,1,1,9.17979,0,816,266
64,4,256,256,16,8,2,1,1,1,9.14383,0,829,269
64,4,512,1,8,1,1,2,1,1,10.6988,0,170,52
64,4,512,1,8,1,2,1,1,1,10.6314,0,127,50
64,4,512,1,8,2,1,2,1,1,11.3811,0,137,49
64,4,512,1,8,2,2,1,1,1,11.3137,0,141,50
64,4,512,1,8,4,1,2,1,1,10.4492,0,149,50
64,4,512,1,8,4,2,1,1,1,10.3818,0,154,50
64,4,512,1,8,8,1,2,1,1,9.58443,0,154,47
64,4,512,1,8,8,2,1,1,1,9.51704,0,72,46
64,4,512,2,8,1,1,2,1,1,10.7347,0,162,50
64,4,512,2,8,1,2,1,1,1,10.6673,0,129,49
64,4,512,2,8,2,1,2,1,1,10.3179,0,157,49
64,4,512,2,8,2,2,1,1,1,10.2505,0,85,45
64,4,512,2,8,4,1,2,1,1,9.91864,0,116,51
64,4,512,2,8,4,2,1,1,1,9.85125,0,181,49
64,4,512,2,8,8,1,2,1,1,9.48547,0,169,50
64,4,512,2,8,8,2,1,1,1,9.41808,0,152,49
64,4,512,4,8,1,1,2,1,1,10.1604,0,170,52
64,4,512,4,8,1,2,1,1,1,10.093,0,162,52
64,4,512,4,8,2,1,2,1,1,9.87573,0,131,52
64,4,512,4,8,2,2,1,1,1,9.80834,0,125,54
64,4,512,4,8,4,1,2,1,1,9.65777,0,146,55
64,4,512,4,8,4,2,1,1,1,9.59037,0,189,55
64,4,512,4,8,8,1,2,1,1,9.38957,0,208,63
64,4,512,4,8,8,2,1,1,1,9.32218,0,206,62
64,4,512,8,8,1,1,2,1,1,9.87615,0,207,64
64,4,512,8,8,1,2,1,1,1,9.80876,0,205,63
64,4,512,8,8,2,1,2,1,1,9.65618,0,192,62
64,4,512,8,8,2,2,1,1,1,9.58879,0,132,59
64,4,512,8,8,4,1,2,1,1,9.5188,0,233,75
64,4,512,8,8,4,2,1,1,1,9.45141,0,190,72
64,4,512,8,8,8,1,2,1,1,9.31718,0,252,99
64,4,512,8,8,8,2,1,1,1,9.24979,0,315,102
64,4,512,16,8,1,1,2,1,1,9.72626,0,314,95
64,4,512,16,8,1,2,1,1,1,9.65886,0,153,87
64,4,512,16,8,2,1,2,1,1,9.56017,0,257,89
64,4,512,16,8,2,2,1,1,1,9.49277,0,332,90
64,4,512,16,8,4,1,2,1,1,9.45602,0,382,133
64,4,512,16,8,4,2,1,1,1,9.38862,0,384,135
64,4,512,16,8,8,1,2,1,1,9.3139,0,698,231
64,4,512,16,8,8,2,1,1,1,9.24651,0,741,231
64,4,512,32,8,1,1,2,1,1,9.65918,0,456,181
64,4,512,32,8,1,2,1,1,1,9.59179,0,443,180
64,4,512,32,8,2,1,2,1,1,9.5133,0,635,200
64,4,512,32,8,2,2,1,1,1,9.44591,0,698,202
64,4,512,32,8,4,1,2,1,1,9.44578,0,1107,381
64,4,512,32,8,4,2,1,1,1,9.37839,0,1116,376
64,4,512,32,8,8,1,2,1,1,9.38249,0,211,63
64,4,512,32,8,8,2,1,1,1,9.3151,0,212,66
64,4,512,64,8,1,1,2,1,1,9.62882,0,1769,566
64,4,512,64,8,1,2,1,1,1,9.56142,0,1558,567
64,4,512,64,8,2,1,2,1,1,9.50543,0,2127,691
64,4,512,64,8,2,2,1,1,1,9.43804,0,1611,682
64,4,512,64,8,4,1,2,1,1,9.50045,0,162,76
64,4,512,64,8,4,2,1,1,1,9.43306,0,251,74
64,4,512,64,8,8,1,2,1,1,9.38575,0,227,78
64,4,512,64,8,8,2,1,1,1,9.31836,0,227,77
64,4,512,128,8,1,1,2,1,1,9.63448,0,5949,2321
64,4,512,128,8,1,2,1,1,1,9.56709,0,6587,2357
64,4,512,128,8,2,1,2,1,1,9.66066,0,387,124
64,4,512,128,8,2,2,1,1,1,9.59327,0,392,125
64,4,512,128,8,4,1,2,1,1,9.53674,0,401,129
64,4,512,128,8,4,2,1,1,1,9.46934,0,387,128
64,4,512,128,8,8,1,2,1,1,9.3664,0,413,131
64,4,512,128,8,8,2,1,1,1,9.29901,0,427,131
64,4,512,256,8,1,1,2,1,1,9.6536,0,844,389
64,4,512,256,8,1,2,1,1,1,9.58621,0,1273,412
64,4,512,256,8,2,1,2,1,1,9.71134,0,976,314
64,4,512,256,8,2,2,1,1,1,9.64395,0,744,317
64,4,512,256,8,4,1,2,1,1,9.47907,0,959,313
64,4,512,256,8,4,2,1,1,1,9.41167,0,988,314
64,4,512,256,8,8,1,2,1,1,9.35445,0,1031,327
64,4,512,256,8,8,2,1,1,1,9.28706,0,987,316
64,4,512,512,8,1,1,2,1,1,9.6478,0,2832,1020
64,4,512,512,8,1,2,1,1,1,9.58041,0,2733,1036
64,4,512,512,8,2,1,2,1,1,9.67931,0,2551,872
64,4,512,512,8,2,2,1,1,1,9.61191,0,2268,865
64,4,512,512,8,4,1,2,1,1,9.46845,0,2351,881
64,4,512,512,8,4,2,1,1,1,9.40105,0,2775,893
64,4,1024,1,4,1,2,1,1,1,10.9654,0,121,48
64,4,1024,1,4,2,2,1,1,1,11.5194,0,153,48
64,4,1024,1,4,4,2,1,1,1,9.98898,0,139,44
64,4,1024,2,4,1,2,1,1,1,10.9962,0,168,48
64,4,1024,2,4,2,2,1,1,1,10.5436,0,155,47
64,4,1024,2,4,4,2,1,1,1,9.74013,0,99,44
64,4,1024,4,4,1,2,1,1,1,10.3213,0,165,51
64,4,1024,4,4,2,2,1,1,1,10.0352,0,182,50
64,4,1024,4,4,4,2,1,1,1,9.57171,0,168,51
64,4,1024,8,4,1,2,1,1,1,10.0065,0,140,60
64,4,1024,8,4,2,2,1,1,1,9.79335,0,185,59
64,4,1024,8,4,4,2,1,1,1,9.47666,0,209,66
64,4,1024,16,4,1,2,1,1,1,9.84807,0,287,91
64,4,1024,16,4,2,2,1,1,1,9.6824,0,223,88
64,4,1024,16,4,4,2,1,1,1,9.40752,0,349,110
64,4,1024,32,4,1,2,1,1,1,9.77257,0,536,183
64,4,1024,32,4,2,2,1,1,1,9.62716,0,630,196
64,4,1024,32,4,4,2,1,1,1,9.41684,0,903,269
64,4,1024,64,4,1,2,1,1,1,9.73876,0,1727,560
64,4,1024,64,4,2,2,1,1,1,9.61493,0,1983,686
64,4,1024,64,4,4,2,1,1,1,9.58886,0,215,70
64,4,1024,128,4,1,2,1,1,1,9.74336,0,5787,2311
64,4,1024,128,4,2,2,1,1,1,9.78774,0,269,121
64,4,1024,128,4,4,2,1,1,1,9.58919,0,389,121
64,4,1024,256,4,1,2,1,1,1,9.75963,0,951,395
64,4,1024,256,4,2,2,1,1,1,9.79336,0,672,325
64,4,1024,256,4,4,2,1,1,1,9.57971,0,941,312
64,4,1024,512,4,1,2,1,1,1,9.75437,0,3642,1236
64,4,1024,512,4,2,2,1,1,1,9.77309,0,2910,1083
64,4,1024,512,4,4,2,1,1,1,9.57024,0,3450,1082
64,4,1024,1024,4,1,2,1,1,1,9.75131,0,9023,3595
64,4,1024,1024,4,2,2,1,1,1,9.77037,0,9775,3669
64,8,2,1,1024,1,1,2,1,1,2.16494,0,86,37
64,8,2,1,1024,2,1,2,1,1,2.35397,0,92,37
64,8,2,1,1024,4,1,2,1,1,1.97393,0,116,38
64,8,2,1,1024,8,1,2,1,1,1.77735,0,118,38
64,8,2,1,1024,16,1,2,1,1,1.64754,0,122,42
64,8,2,1,1024,32,1,2,1,1,1.6298,0,180,55
64,8,2,1,1024,64,1,2,1,1,1.60442,0,225,93
64,8,2,1,1024,128,1,2,1,1,1.6136,0,550,215
64,8,2,1,1024,256,1,2,1,1,1.66827,0,1881,681
64,8,2,1,1024,512,1,2,1,1,1.6419,0,156,48
64,8,2,2,1024,1,1,2,1,1,8.81589,0,109,34
64,8,2,2,1024,2,1,2,1,1,8.59043,0,120,34
64,8,2,2,1024,4,1,2,1,1,8.38905,0,123,35
64,8,2,2,1024,8,1,2,1,1,8.26673,0,137,38
64,8,2,2,1024,16,1,2,1,1,8.22605,0,159,48
64,8,2,2,1024,32,1,2,1,1,8.20677,0,220,80
64,8,2,2,1024,64,1,2,1,1,8.21973,0,555,199
64,8,2,2,1024,128,1,2,1,1,8.19368,0,179,67
64,8,2,2,1024,256,1,2,1,1,8.22713,0,177,65
64,8,2,2,1024,512,1,2,1,1,8.22192,0,193,64
64,8,4,1,512,1,1,2,1,1,9.19679,0,169,56
64,8,4,1,512,1,2,1,1,1,8.80313,0,168,54
64,8,4,1,512,2,1,2,1,1,9.42427,0,131,53
64,8,4,1,512,2,2,1,1,1,9.03061,0,142,53
64,8,4,1,512,4,1,2,1,1,9.02668,0,166,54
64,8,4,1,512,4,2,1,1,1,8.63301,0,153,54
64,8,4,1,512,8,1,2,1,1,8.81908,0,184,54
64,8,4,1,512,8,2,1,1,1,8.42541,0,141,55
64,8,4,1,512,16,1,2,1,1,8.70377,0,199,61
64,8,4,1,512,16,2,1,1,1,8.31011,0,154,60
64,8,4,1,512,32,1,2,1,1,8.6767,0,249,76
64,8,4,1,512,32,2,1,1,1,8.28304,0,203,73
64,8,4,1,512,64,1,2,1,1,8.64881,0,321,120
64,8,4,1,512,64,2,1,1,1,8.25515,0,325,118
64,8,4,1,512,128,1,2,1,1,8.66161,0,773,260
64,8,4,1,512,128,2,1,1,1,8.26795,0,829,268
64,8,4,1,512,256,1,2,1,1,8.71421,0,2248,823
64,8,4,1,512,256,2,1,1,1,8.32055,0,2016,806
64,8,4,1,512,512,1,2,1,1,8.64469,0,211,62
64,8,4,1,512,512,2,1,1,1,8.25102,0,130,60
64,8,4,2,512,1,1,2,1,1,9.20519,0,112,50
64,8,4,2,512,1,2,1,1,1,8.81152,0,153,51
64,8,4,2,512,2,1,2,1,1,8.99066,0,110,51
64,8,4,2,512,2,2,1,1,1,8.59699,0,102,49
64,8,4,2,512,4,1,2,1,1,8.77684,0,120,51
64,8,4,2,512,4,2,1,1,1,8.38318,0,109,50
64,8,4,2,512,8,1,2,1,1,8.65771,0,173,55
64,8,4,2,512,8,2,1,1,1,8.26404,0,112,55
64,8,4,2,512,16,1,2,1,1,8.61722,0,147,68
64,8,4,2,512,16,2,1,1,1,8.22356,0,203,68
64,8,4,2,512,32,1,2,1,1,8.597,0,302,108
64,8,4,2,512,32,2,1,1,1,8.20334,0,267,110
64,8,4,2,512,64,1,2,1,1,8.61163,0,689,246
64,8,4,2,512,64,2,1,1,1,8.21796,0,644,245
64,8,4,2,512,128,1,2,1,1,8.58389,0,277,87
64,8,4,2,512,128,2,1,1,1,8.19022,0,211,89
64,8,4,2,512,256,1,2,1,1,8.61774,0,201,84
64,8,4,2,512,256,2,1,1,1,8.22407,0,279,88
64,8,4,2,512,512,1,2,1,1,8.59342,0,203,80
64,8,4,2,512,512,2,1,1,1,8.19976,0,254,80
64,8,4,4,512,1,1,2,1,1,8.92605,0,149,49
64,8,4,4,512,1,2,1,1,1,8.53239,0,149,47
64,8,4,4,512,2,1,2,1,1,8.77761,0,128,50
64,8,4,4,512,2,2,1,1,1,8.38395,0,139,48
64,8,4,4,512,4,1,2,1,1,8.64849,0,119,51
64,8,4,4,512,4,2,1,1,1,8.25483,0,141,51
64,8,4,4,512,8,1,2,1,1,8.60402,0,224,65
64,8,4,4,512,8,2,1,1,1,8.21035,0,148,62
64,8,4,4,512,16,1,2,1,1,8.57335,0,335,105
64,8,4,4,512,16,2,1,1,1,8.17969,0,211,96
64,8,4,4,512,32,1,2,1,1,8.66134,0,136,60
64,8,4,4,512,32,2,1,1,1,8.26768,0,124,58
64,8,4,4,512,64,1,2,1,1,8.64458,0,170,62
64,8,4,4,512,64,2,1,1,1,8.25092,0,173,59
64,8,4,4,512,128,1,2,1,1,8.69051,0,169,59
64,8,4,4,512,128,2,1,1,1,8.29685,0,194,63
64,8,4,4,512,256,1,2,1,1,8.64907,0,155,60
64,8,4,4,512,256,2,1,1,1,8.2554,0,164,60
64,8,8,1,256,1,1,2,1,1,9.08049,0,119,53
64,8,8,1,256,1,2,1,1,1,8.82737,0,117,56
64,8,8,1,256,2,1,2,1,1,9.28152,0,175,57
64,8,8,1,256,2,2,1,1,1,9.02839,0,190,54
64,8,8,1,256,4,1,2,1,1,8.90074,0,127,54
64,8,8,1,256,4,2,1,1,1,8.64761,0,184,58
64,8,8,1,256,8,1,2,1,1,8.68199,0,139,57
64,8,8,1,256,8,2,1,1,1,8.42886,0,187,56
64,8,8,1,256,16,1,2,1,1,8.57412,0,130,62
64,8,8,1,256,16,2,1,1,1,8.321,0,162,59
64,8,8,1,256,32,1,2,1,1,8.54516,0,193,78
64,8,8,1,256,32,2,1,1,1,8.29204,0,251,79
64,8,8,1,256,64,1,2,1,1,8.52093,0,344,120
64,8,8,1,256,64,2,1,1,1,8.2678,0,360,122
64,8,8,1,256,128,1,2,1,1,8.53211,0,599,267
64,8,8,1,256,128,2,1,1,1,8.27898,0,691,275
64,8,8,1,256,256,1,2,1,1,8.48734,0,194,62
64,8,8,1,256,256,2,1,1,1,8.23421,0,202,64
64,8,8,2,256,1,1,2,1,1,9.07323,0,144,51
64,8,8,2,256,1,2,1,1,1,8.82011,0,154,50
64,8,8,2,256,2,1,2,1,1,8.85642,0,119,52
64,8,8,2,256,2,2,1,1,1,8.60329,0,152,50
64,8,8,2,256,4,1,2,1,1,8.63438,0,161,53
64,8,8,2,256,4,2,1,1,1,8.38125,0,167,51
64,8,8,2,256,8,1,2,1,1,8.52593,0,143,58
64,8,8,2,256,8,2,1,1,1,8.27281,0,183,58
64,8,8,2,256,16,1,2,1,1,8.48355,0,181,71
64,8,8,2,256,16,2,1,1,1,8.23042,0,213,68
64,8,8,2,256,32,1,2,1,1,8.46461,0,321,111
64,8,8,2,256,32,2,1,1,1,8.21148,0,345,109
64,8,8,2,256,64,1,2,1,1,8.48033,0,879,254
64,8,8,2,256,64,2,1,1,1,8.2272,0,531,246
64,8,8,2,256,128,1,2,1,1,8.44942,0,228,88
64,8,8,2,256,128,2,1,1,1,8.19629,0,298,93
64,8,8,2,256,256,1,2,1,1,8.45216,0,241,82
64,8,8,2,256,256,2,1,1,1,8.19903,0,185,78
64,8,8,4,256,1,1,2,1,1,8.7939,0,169,54
64,8,8,4,256,1,2,1,1,1,8.54078,0,119,55
64,8,8,4,256,2,1,2,1,1,8.6456,0,178,55
64,8,8,4,256,2,2,1,1,1,8.39247,0,158,55
64,8,8,4,256,4,1,2,1,1,8.51483,0,186,58
64,8,8,4,256,4,2,1,1,1,8.2617,0,194,58
64,8,8,4,256,8,1,2,1,1,8.46553,0,194,70
64,8,8,4,256,8,2,1,1,1,8.2124,0,216,70
64,8,8,4,256,16,1,2,1,1,8.43724,0,355,112
64,8,8,4,256,16,2,1,1,1,8.18411,0,369,116
64,8,8,4,256,32,1,2,1,1,8.52554,0,203,65
64,8,8,4,256,32,2,1,1,1,8.27241,0,147,64
64,8,8,4,256,64,1,2,1,1,8.51097,0,179,64
64,8,8,4,256,64,2,1,1,1,8.25785,0,196,66
64,8,8,4,256,128,1,2,1,1,8.5522,0,178,67
64,8,8,4,256,128,2,1,1,1,8.29907,0,209,67
64,8,8,4,256,256,1,2,1,1,8.50015,0,199,62
64,8,8,4,256,256,2,1,1,1,8.24702,0,175,60
64,8,8,8,256,1,1,2,1,1,8.66478,0,205,61
64,8,8,8,256,1,2,1,1,1,8.41166,0,187,60
64,8,8,8,256,2,1,2,1,1,8.54444,0,193,59
64,8,8,8,256,2,2,1,1,1,8.29132,0,193,59
64,8,8,8,256,4,1,2,1,1,8.46678,0,226,72
64,8,8,8,256,4,2,1,1,1,8.21366,0,224,71
64,8,8,8,256,8,1,2,1,1,8.43015,0,337,109
64,8,8,8,256,8,2,1,1,1,8.17702,0,321,109
64,8,8,8,256,16,1,2,1,1,8.43607,0,761,242
64,8,8,8,256,16,2,1,1,1,8.18294,0,700,240
64,8,8,8,256,32,1,2,1,1,8.52717,0,201,62
64,8,8,8,256,32,2,1,1,1,8.27404,0,207,62
64,8,8,8,256,64,1,2,1,1,8.57254,0,195,63
64,8,8,8,256,64,2,1,1,1,8.31942,0,188,62
64,8,8,8,256,128,1,2,1,1,8.52234,0,180,62
64,8,8,8,256,128,2,1,1,1,8.26921,0,216,61
64,8,16,1,128,1,1,2,1,1,8.90571,0,166,53
64,8,16,1,128,1,2,1,1,1,8.83862,0,188,55
64,8,16,1,128,2,1,2,1,1,9.0991,0,172,52
64,8,16,1,128,2,2,1,1,1,9.03201,0,143,54
64,8,16,1,128,4,1,2,1,1,8.72769,0,160,52
64,8,16,1,128,4,2,1,1,1,8.6606,0,144,55
64,8,16,1,128,8,1,2,1,1,8.50344,0,181,56
64,8,16,1,128,8,2,1,1,1,8.43635,0,182,57
64,8,16,1,128,16,1,2,1,1,8.39645,0,200,62
64,8,16,1,128,16,2,1,1,1,8.32936,0,171,62
64,8,16,1,128,32,1,2,1,1,8.36901,0,247,75
64,8,16,1,128,32,2,1,1,1,8.30192,0,242,76
64,8,16,1,128,64,1,2,1,1,8.34858,0,382,122
64,8,16,1,128,64,2,1,1,1,8.28149,0,316,126
64,8,16,1,128,128,1,2,1,1,8.30541,0,189,62
64,8,16,1,128,128,2,1,1,1,8.23832,0,151,62
64,8,16,2,128,1,1,2,1,1,8.88344,0,170,51
64,8,16,2,128,1,2,1,1,1,8.81635,0,176,53
64,8,16,2,128,2,1,2,1,1,8.67825,0,150,50
64,8,16,2,128,2,2,1,1,1,8.61116,0,168,53
64,8,16,2,128,4,1,2,1,1,8.45775,0,169,51
64,8,16,2,128,4,2,1,1,1,8.39066,0,126,53
64,8,16,2,128,8,1,2,1,1,8.35088,0,160,56
64,8,16,2,128,8,2,1,1,1,8.28379,0,176,56
64,8,16,2,128,16,1,2,1,1,8.30689,0,214,67
64,8,16,2,128,16,2,1,1,1,8.2398,0,214,70
64,8,16,2,128,32,1,2,1,1,8.29171,0,341,109
64,8,16,2,128,32,2,1,1,1,8.22462,0,325,108
64,8,16,2,128,64,1,2,1,1,8.30382,0,676,251
64,8,16,2,128,64,2,1,1,1,8.23673,0,751,252
64,8,16,2,128,128,1,2,1,1,8.25861,0,188,80
64,8,16,2,128,128,2,1,1,1,8.19152,0,247,81
64,8,16,4,128,1,1,2,1,1,8.62195,0,129,54
64,8,16,4,128,1,2,1,1,1,8.55486,0,177,56
64,8,16,4,128,2,1,2,1,1,8.46807,0,136,52
64,8,16,4,128,2,2,1,1,1,8.40098,0,148,53
64,8,16,4,128,4,1,2,1,1,8.3415,0,176,56
64,8,16,4,128,4,2,1,1,1,8.27441,0,141,57
64,8,16,4,128,8,1,2,1,1,8.2836,0,206,69
64,8,16,4,128,8,2,1,1,1,8.21651,0,199,70
64,8,16,4,128,16,1,2,1,1,8.25833,0,281,111
64,8,16,4,128,16,2,1,1,1,8.19124,0,275,110
64,8,16,4,128,32,1,2,1,1,8.3509,0,185,63
64,8,16,4,128,32,2,1,1,1,8.28381,0,159,66
64,8,16,4,128,64,1,2,1,1,8.32992,0,225,64
64,8,16,4,128,64,2,1,1,1,8.26283,0,144,65
64,8,16,4,128,128,1,2,1,1,8.32133,0,198,61
64,8,16,4,128,128,2,1,1,1,8.25424,0,149,59
64,8,16,8,128,1,1,2,1,1,8.49052,0,206,63
64,8,16,8,128,1,2,1,1,1,8.42343,0,191,65
64,8,16,8,128,2,1,2,1,1,8.36886,0,184,60
64,8,16,8,128,2,2,1,1,1,8.30177,0,155,61
64,8,16,8,128,4,1,2,1,1,8.28663,0,232,75
64,8,16,8,128,4,2,1,1,1,8.21954,0,237,76
64,8,16,8,128,8,1,2,1,1,8.25168,0,307,117
64,8,16,8,128,8,2,1,1,1,8.18459,0,312,117
64,8,16,8,128,16,1,2,1,1,8.25729,0,589,264
64,8,16,8,128,16,2,1,1,1,8.1902,0,808,264
64,8,16,8,128,32,1,2,1,1,8.34208,0,185,63
64,8,16,8,128,32,2,1,1,1,8.27499,0,238,68
64,8,16,8,128,64,1,2,1,1,8.3872,0,235,63
64,8,16,8,128,64,2,1,1,1,8.32011,0,207,66
64,8,16,8,128,128,1,2,1,1,8.31507,0,220,59
64,8,16,8,128,128,2,1,1,1,8.24798,0,191,61
64,8,16,16,128,1,1,2,1,1,8.44062,0,185,79
64,8,16,16,128,1,2,1,1,1,8.37353,0,232,82
64,8,16,16,128,2,1,2,1,1,8.31946,0,240,78
64,8,16,16,128,2,2,1,1,1,8.25237,0,200,78
64,8,16,16,128,4,1,2,1,1,8.27047,0,399,118
64,8,16,16,128,4,2,1,1,1,8.20338,0,349,119
64,8,16,16,128,8,1,2,1,1,8.26027,0,677,269
64,8,16,16,128,8,2,1,1,1,8.19318,0,859,267
64,8,16,16,128,16,1,2,1,1,8.26709,0,215,54
64,8,16,16,128,16,2,1,1,1,8.2,0,165,56
64,8,16,16,128,32,1,2,1,1,8.40116,0,238,60
64,8,16,16,128,32,2,1,1,1,8.33407,0,202,62
64,8,16,16,128,64,1,2,1,1,8.35054,0,87,58
64,8,16,16,128,64,2,1,1,1,8.28345,0,212,62
64,8,32,1,64,1,1,2,1,1,8.92019,0,167,55
64,8,32,1,64,1,2,1,1,1,8.86708,0,184,54
64,8,32,1,64,2,1,2,1,1,9.10922,0,116,55
64,8,32,1,64,2,2,1,1,1,9.05611,0,141,53
64,8,32,1,64,4,1,2,1,1,8.74167,0,179,56
64,8,32,1,64,4,2,1,1,1,8.68857,0,165,54
64,8,32,1,64,8,1,2,1,1,8.51947,0,177,56
64,8,32,1,64,8,2,1,1,1,8.46636,0,186,56
64,8,32,1,64,16,1,2,1,1,8.41039,0,160,62
64,8,32,1,64,16,2,1,1,1,8.35728,0,196,61
64,8,32,1,64,32,1,2,1,1,8.38085,0,185,77
64,8,32,1,64,32,2,1,1,1,8.32774,0,173,75
64,8,32,1,64,64,1,2,1,1,8.32477,0,189,62
64,8,32,1,64,64,2,1,1,1,8.27166,0,190,60
64,8,32,2,64,1,1,2,1,1,8.89973,0,179,53
64,8,32,2,64,1,2,1,1,1,8.84662,0,158,53
64,8,32,2,64,2,1,2,1,1,8.68414,0,176,52
64,8,32,2,64,2,2,1,1,1,8.63103,0,155,51
64,8,32,2,64,4,1,2,1,1,8.46799,0,149,54
64,8,32,2,64,4,2,1,1,1,8.41488,0,151,52
64,8,32,2,64,8,1,2,1,1,8.35904,0,138,58
64,8,32,2,64,8,2,1,1,1,8.30593,0,179,55
64,8,32,2,64,16,1,2,1,1,8.31765,0,211,71
64,8,32,2,64,16,2,1,1,1,8.26454,0,226,70
64,8,32,2,64,32,1,2,1,1,8.30204,0,351,111
64,8,32,2,64,32,2,1,1,1,8.24893,0,340,112
64,8,32,2,64,64,1,2,1,1,8.26855,0,241,80
64,8,32,2,64,64,2,1,1,1,8.21544,0,256,81
64,8,32,4,64,1,1,2,1,1,8.63103,0,175,56
64,8,32,4,64,1,2,1,1,1,8.57792,0,126,54
64,8,32,4,64,2,1,2,1,1,8.47437,0,156,52
64,8,32,4,64,2,2,1,1,1,8.42126,0,161,51
64,8,32,4,64,4,1,2,1,1,8.34907,0,129,59
64,8,32,4,64,4,2,1,1,1,8.29596,0,163,58
64,8,32,4,64,8,1,2,1,1,8.29607,0,205,69
64,8,32,4,64,8,2,1,1,1,8.24296,0,162,70
64,8,32,4,64,16,1,2,1,1,8.26913,0,316,113
64,8,32,4,64,16,2,1,1,1,8.21603,0,358,113
64,8,32,4,64,32,1,2,1,1,8.35554,0,198,66
64,8,32,4,64,32,2,1,1,1,8.30243,0,156,62
64,8,32,4,64,64,1,2,1,1,8.32392,0,142,60
64,8,32,4,64,64,2,1,1,1,8.27081,0,153,60
64,8,32,8,64,1,1,2,1,1,8.49702,0,176,67
64,8,32,8,64,1,2,1,1,1,8.44392,0,193,65
64,8,32,8,64,2,1,2,1,1,8.3789,0,160,65
64,8,32,8,64,2,2,1,1,1,8.32579,0,139,64
64,8,32,8,64,4,1,2,1,1,8.29339,0,243,74
64,8,32,8,64,4,2,1,1,1,8.24028,0,229,75
64,8,32,8,64,8,1,2,1,1,8.26197,0,295,118
64,8,32,8,64,8,2,1,1,1,8.20886,0,369,117
64,8,32,8,64,16,1,2,1,1,8.26752,0,635,255
64,8,32,8,64,16,2,1,1,1,8.21441,0,563,253
64,8,32,8,64,32,1,2,1,1,8.34962,0,147,64
64,8,32,8,64,32,2,1,1,1,8.29651,0,191,65
64,8,32,8,64,64,1,2,1,1,8.33228,0,164,61
64,8,32,8,64,64,2,1,1,1,8.27917,0,199,61
64,8,32,16,64,1,1,2,1,1,8.44598,0,267,93
64,8,32,16,64,1,2,1,1,1,8.39287,0,321,92
64,8,32,16,64,2,1,2,1,1,8.32584,0,315,88
64,8,32,16,64,2,2,1,1,1,8.27273,0,207,86
64,8,32,16,64,4,1,2,1,1,8.27386,0,470,137
64,8,32,16,64,4,2,1,1,1,8.22075,0,430,135
64,8,32,16,64,8,1,2,1,1,8.26955,0,841,284
64,8,32,16,64,8,2,1,1,1,8.21644,0,864,289
64,8,32,16,64,16,1,2,1,1,8.27123,0,180,62
64,8,32,16,64,16,2,1,1,1,8.21812,0,149,58
64,8,32,16,64,32,1,2,1,1,8.39682,0,258,67
64,8,32,16,64,32,2,1,1,1,8.34371,0,180,67
64,8,32,16,64,64,1,2,1,1,8.32626,0,190,64
64,8,32,16,64,64,2,1,1,1,8.27315,0,216,66
64,8,32,32,64,1,1,2,1,1,8.41235,0,477,155
64,8,32,32,64,1,2,1,1,1,8.35924,0,349,154
64,8,32,32,64,2,1,2,1,1,8.31414,0,388,166
64,8,32,32,64,2,2,1,1,1,8.26103,0,368,161
64,8,32,32,64,4,1,2,1,1,8.28664,0,962,329
64,8,32,32,64,4,2,1,1,1,8.23353,0,1086,340
64,8,32,32,64,8,1,2,1,1,8.2787,0,183,62
64,8,32,32,64,8,2,1,1,1,8.22559,0,107,60
64,8,32,32,64,16,1,2,1,1,8.32384,0,199,63
64,8,32,32,64,16,2,1,1,1,8.27073,0,141,59
64,8,32,32,64,32,1,2,1,1,8.35906,0,196,65
64,8,32,32,64,32,2,1,1,1,8.30595,0,190,64
64,8,64,1,32,1,1,2,1,1,8.92288,0,101,54
64,8,64,1,32,1,2,1,1,1,8.91367,0,136,55
64,8,64,1,32,2,1,2,1,1,9.11056,0,110,54
64,8,64,1,32,2,2,1,1,1,9.10135,0,159,54
64,8,64,1,32,4,1,2,1,1,8.75255,0,155,56
64,8,64,1,32,4,2,1,1,1,8.74334,0,160,55
64,8,64,1,32,8,1,2,1,1,8.52033,0,162,55
64,8,64,1,32,8,2,1,1,1,8.51112,0,174,57
64,8,64,1,32,16,1,2,1,1,8.41434,0,180,62
64,8,64,1,32,16,2,1,1,1,8.40514,0,175,58
64,8,64,1,32,32,1,2,1,1,8.33985,0,178,60
64,8,64,1,32,32,2,1,1,1,8.33064,0,130,59
64,8,64,2,32,1,1,2,1,1,8.89046,0,159,53
64,8,64,2,32,1,2,1,1,1,8.88125,0,151,50
64,8,64,2,32,2,1,2,1,1,8.67962,0,158,52
64,8,64,2,32,2,2,1,1,1,8.67041,0,164,52
64,8,64,2,32,4,1,2,1,1,8.4689,0,124,53
64,8,64,2,32,4,2,1,1,1,8.4597,0,162,52
64,8,64,2,32,8,1,2,1,1,8.36122,0,184,58
64,8,64,2,32,8,2,1,1,1,8.35201,0,151,56
64,8,64,2,32,16,1,2,1,1,8.3126,0,192,66
64,8,64,2,32,16,2,1,1,1,8.30339,0,188,68
64,8,64,2,32,32,1,2,1,1,8.27539,0,219,82
64,8,64,2,32,32,2,1,1,1,8.26618,0,222,77
64,8,64,4,32,1,1,2,1,1,8.61921,0,167,55
64,8,64,4,32,1,2,1,1,1,8.61,0,121,54
64,8,64,4,32,2,1,2,1,1,8.47167,0,143,53
64,8,64,4,32,2,2,1,1,1,8.46247,0,137,53
64,8,64,4,32,4,1,2,1,1,8.34442,0,181,60
64,8,64,4,32,4,2,1,1,1,8.33521,0,145,60
64,8,64,4,32,8,1,2,1,1,8.28867,0,230,72
64,8,64,4,32,8,2,1,1,1,8.27946,0,230,71
64,8,64,4,32,16,1,2,1,1,8.26232,0,258,111
64,8,64,4,32,16,2,1,1,1,8.25311,0,343,109
64,8,64,4,32,32,1,2,1,1,8.33594,0,176,63
64,8,64,4,32,32,2,1,1,1,8.32673,0,197,62
64,8,64,8,32,1,1,2,1,1,8.48297,0,211,67
64,8,64,8,32,1,2,1,1,1,8.47377,0,195,65
64,8,64,8,32,2,1,2,1,1,8.36786,0,182,64
64,8,64,8,32,2,2,1,1,1,8.35865,0,187,60
64,8,64,8,32,4,1,2,1,1,8.28704,0,235,79
64,8,64,8,32,4,2,1,1,1,8.27784,0,232,76
64,8,64,8,32,8,1,2,1,1,8.25304,0,271,116
64,8,64,8,32,8,2,1,1,1,8.24383,0,316,115
64,8,64,8,32,16,1,2,1,1,8.25852,0,761,262
64,8,64,8,32,16,2,1,1,1,8.24931,0,746,264
64,8,64,8,32,32,1,2,1,1,8.32528,0,177,61
64,8,64,8,32,32,2,1,1,1,8.31607,0,188,61
64,8,64,16,32,1,1,2,1,1,8.43297,0,197,92
64,8,64,16,32,1,2,1,1,1,8.42376,0,271,88
64,8,64,16,32,2,1,2,1,1,8.32383,0,285,91
64,8,64,16,32,2,2,1,1,1,8.31462,0,232,89
64,8,64,16,32,4,1,2,1,1,8.26946,0,381,135
64,8,64,16,32,4,2,1,1,1,8.26025,0,385,135
64,8,64,16,32,8,1,2,1,1,8.26332,0,904,293
64,8,64,16,32,8,2,1,1,1,8.25412,0,861,288
64,8,64,16,32,16,1,2,1,1,8.25576,0,194,63
64,8,64,16,32,16,2,1,1,1,8.24655,0,159,60
64,8,64,16,32,32,1,2,1,1,8.33598,0,118,63
64,8,64,16,32,32,2,1,1,1,8.32677,0,179,63
64,8,64,32,32,1,1,2,1,1,8.40322,0,622,190
64,8,64,32,32,1,2,1,1,1,8.39401,0,550,185
64,8,64,32,32,2,1,2,1,1,8.3038,0,662,206
64,8,64,32,32,2,2,1,1,1,8.29459,0,666,204
64,8,64,32,32,4,1,2,1,1,8.27967,0,1068,382
64,8,64,32,32,4,2,1,1,1,8.27046,0,1114,384
64,8,64,32,32,8,1,2,1,1,8.27148,0,192,68
64,8,64,32,32,8,2,1,1,1,8.26227,0,208,67
64,8,64,32,32,16,1,2,1,1,8.31388,0,216,69
64,8,64,32,32,16,2,1,1,1,8.30468,0,233,72
64,8,64,32,32,32,1,2,1,1,8.32628,0,186,69
64,8,64,32,32,32,2,1,1,1,8.31707,0,224,68
64,8,64,64,32,1,1,2,1,1,8.39375,0,1306,469
64,8,64,64,32,1,2,1,1,1,8.38454,0,1578,484
64,8,64,64,32,2,1,2,1,1,8.31833,0,1597,606
64,8,64,64,32,2,2,1,1,1,8.30912,0,1567,579
64,8,64,64,32,4,1,2,1,1,8.32934,0,252,68
64,8,64,64,32,4,2,1,1,1,8.32013,0,228,72
64,8,64,64,32,8,1,2,1,1,8.2918,0,284,78
64,8,64,64,32,8,2,1,1,1,8.28259,0,228,76
64,8,64,64,32,16,1,2,1,1,8.2706,0,334,76
64,8,64,64,32,16,2,1,1,1,8.2614,0,302,75
64,8,128,1,16,1,1,2,1,1,9.02405,0,175,59
64,8,128,1,16,1,2,1,1,1,8.98122,0,216,56
64,8,128,1,16,2,1,2,1,1,9.21688,0,211,58
64,8,128,1,16,2,2,1,1,1,9.17405,0,213,54
64,8,128,1,16,4,1,2,1,1,8.84032,0,186,56
64,8,128,1,16,4,2,1,1,1,8.79749,0,195,53
64,8,128,1,16,8,1,2,1,1,8.62646,0,126,56
64,8,128,1,16,8,2,1,1,1,8.58362,0,139,51
64,8,128,1,16,16,1,2,1,1,8.34736,0,151,58
64,8,128,1,16,16,2,1,1,1,8.30452,0,171,52
64,8,128,2,16,1,1,2,1,1,8.97271,0,193,54
64,8,128,2,16,1,2,1,1,1,8.92987,0,156,51
64,8,128,2,16,2,1,2,1,1,8.78895,0,191,54
64,8,128,2,16,2,2,1,1,1,8.74611,0,124,49
64,8,128,2,16,4,1,2,1,1,8.57247,0,142,54
64,8,128,2,16,4,2,1,1,1,8.52963,0,188,53
64,8,128,2,16,8,1,2,1,1,8.45912,0,219,61
64,8,128,2,16,8,2,1,1,1,8.41628,0,204,58
64,8,128,2,16,16,1,2,1,1,8.31561,0,162,65
64,8,128,2,16,16,2,1,1,1,8.27277,0,207,65
64,8,128,4,16,1,1,2,1,1,8.70638,0,217,60
64,8,128,4,16,1,2,1,1,1,8.66354,0,198,57
64,8,128,4,16,2,1,2,1,1,8.56636,0,162,58
64,8,128,4,16,2,2,1,1,1,8.52353,0,195,56
64,8,128,4,16,4,1,2,1,1,8.44162,0,206,60
64,8,128,4,16,4,2,1,1,1,8.39878,0,197,59
64,8,128,4,16,8,1,2,1,1,8.37742,0,291,78
64,8,128,4,16,8,2,1,1,1,8.33459,0,235,73
64,8,128,4,16,16,1,2,1,1,8.31211,0,293,100
64,8,128,4,16,16,2,1,1,1,8.26927,0,318,100
64,8,128,8,16,1,1,2,1,1,8.5783,0,124,68
64,8,128,8,16,1,2,1,1,1,8.53546,0,228,66
64,8,128,8,16,2,1,2,1,1,8.45401,0,215,66
64,8,128,8,16,2,2,1,1,1,8.41118,0,222,63
64,8,128,8,16,4,1,2,1,1,8.37259,0,307,79
64,8,128,8,16,4,2,1,1,1,8.32975,0,243,76
64,8,128,8,16,8,1,2,1,1,8.34153,0,397,122
64,8,128,8,16,8,2,1,1,1,8.2987,0,253,116
64,8,128,8,16,16,1,2,1,1,8.32699,0,664,223
64,8,128,8,16,16,2,1,1,1,8.28415,0,705,218
64,8,128,16,16,1,1,2,1,1,8.51807,0,351,95
64,8,128,16,16,1,2,1,1,1,8.47523,0,297,90
64,8,128,16,16,2,1,2,1,1,8.40544,0,315,92
64,8,128,16,16,2,2,1,1,1,8.3626,0,321,89
64,8,128,16,16,4,1,2,1,1,8.35384,0,330,137
64,8,128,16,16,4,2,1,1,1,8.311,0,415,131
64,8,128,16,16,8,1,2,1,1,8.34439,0,776,296
64,8,128,16,16,8,2,1,1,1,8.30156,0,894,289
64,8,128,16,16,16,1,2,1,1,8.31326,0,133,59
64,8,128,16,16,16,2,1,1,1,8.27043,0,120,56
64,8,128,32,16,1,1,2,1,1,8.48852,0,630,190
64,8,128,32,16,1,2,1,1,1,8.44568,0,541,189
64,8,128,32,16,2,1,2,1,1,8.38961,0,442,205
64,8,128,32,16,2,2,1,1,1,8.34677,0,560,200
64,8,128,32,16,4,1,2,1,1,8.36366,0,1151,379
64,8,128,32,16,4,2,1,1,1,8.32082,0,1127,380
64,8,128,32,16,8,1,2,1,1,8.35566,0,183,70
64,8,128,32,16,8,2,1,1,1,8.31282,0,180,68
64,8,128,32,16,16,1,2,1,1,8.3286,0,150,65
64,8,128,32,16,16,2,1,1,1,8.28576,0,192,63
64,8,128,64,16,1,1,2,1,1,8.47917,0,1565,572
64,8,128,64,16,1,2,1,1,1,8.43633,0,1611,576
64,8,128,64,16,2,1,2,1,1,8.40304,0,2010,714
64,8,128,64,16,2,2,1,1,1,8.36021,0,1597,692
64,8,128,64,16,4,1,2,1,1,8.41368,0,197,79
64,8,128,64,16,4,2,1,1,1,8.37084,0,187,76
64,8,128,64,16,8,1,2,1,1,8.38836,0,234,85
64,8,128,64,16,8,2,1,1,1,8.34552,0,266,83
64,8,128,64,16,16,1,2,1,1,8.30086,0,209,82
64,8,128,64,16,16,2,1,1,1,8.25802,0,173,77
64,8,128,128,16,1,1,2,1,1,8.50737,0,5861,1945
64,8,128,128,16,1,2,1,1,1,8.46453,0,5016,1952
64,8,128,128,16,2,1,2,1,1,8.48675,0,332,112
64,8,128,128,16,2,2,1,1,1,8.44391,0,271,104
64,8,128,128,16,4,1,2,1,1,8.4788,0,340,110
64,8,128,128,16,4,2,1,1,1,8.43596,0,296,107
64,8,128,128,16,8,1,2,1,1,8.33901,0,380,121
64,8,128,128,16,8,2,1,1,1,8.29617,0,294,115
64,8,256,1,8,1,1,2,1,1,9.23367,0,115,53
64,8,256,1,8,1,2,1,1,1,9.16771,0,150,54
64,8,256,1,8,2,1,2,1,1,9.41839,0,117,52
64,8,256,1,8,2,2,1,1,1,9.35242,0,148,52
64,8,256,1,8,4,1,2,1,1,9.05775,0,124,52
64,8,256,1,8,4,2,1,1,1,8.99179,0,173,54
64,8,256,1,8,8,1,2,1,1,8.58469,0,146,51
64,8,256,1,8,8,2,1,1,1,8.51873,0,125,50
64,8,256,2,8,1,1,2,1,1,9.18107,0,138,52
64,8,256,2,8,1,2,1,1,1,9.1151,0,150,55
64,8,256,2,8,2,1,2,1,1,8.99761,0,165,52
64,8,256,2,8,2,2,1,1,1,8.93164,0,111,50
64,8,256,2,8,4,1,2,1,1,8.76454,0,169,54
64,8,256,2,8,4,2,1,1,1,8.69857,0,137,52
64,8,256,2,8,8,1,2,1,1,8.52933,0,129,52
64,8,256,2,8,8,2,1,1,1,8.46336,0,147,52
64,8,256,4,8,1,1,2,1,1,8.88387,0,178,57
64,8,256,4,8,1,2,1,1,1,8.81791,0,171,56
64,8,256,4,8,2,1,2,1,1,8.75037,0,116,54
64,8,256,4,8,2,2,1,1,1,8.6844,0,166,53
64,8,256,4,8,4,1,2,1,1,8.63346,0,138,57
64,8,256,4,8,4,2,1,1,1,8.56749,0,154,58
64,8,256,4,8,8,1,2,1,1,8.48001,0,200,64
64,8,256,4,8,8,2,1,1,1,8.41404,0,197,63
64,8,256,8,8,1,1,2,1,1,8.75118,0,196,65
64,8,256,8,8,1,2,1,1,1,8.68521,0,203,65
64,8,256,8,8,2,1,2,1,1,8.63394,0,191,64
64,8,256,8,8,2,2,1,1,1,8.56797,0,196,65
64,8,256,8,8,4,1,2,1,1,8.55112,0,206,75
64,8,256,8,8,4,2,1,1,1,8.48515,0,220,77
64,8,256,8,8,8,1,2,1,1,8.46901,0,224,101
64,8,256,8,8,8,2,1,1,1,8.40304,0,311,101
64,8,256,16,8,1,1,2,1,1,8.68842,0,280,92
64,8,256,16,8,1,2,1,1,1,8.62245,0,207,90
64,8,256,16,8,2,1,2,1,1,8.58172,0,206,90
64,8,256,16,8,2,2,1,1,1,8.51575,0,272,91
64,8,256,16,8,4,1,2,1,1,8.52727,0,342,136
64,8,256,16,8,4,2,1,1,1,8.4613,0,365,134
64,8,256,16,8,8,1,2,1,1,8.47567,0,658,230
64,8,256,16,8,8,2,1,1,1,8.4097,0,692,233
64,8,256,32,8,1,1,2,1,1,8.66181,0,532,194
64,8,256,32,8,1,2,1,1,1,8.59584,0,439,186
64,8,256,32,8,2,1,2,1,1,8.56292,0,455,198
64,8,256,32,8,2,2,1,1,1,8.49695,0,638,199
64,8,256,32,8,4,1,2,1,1,8.53412,0,1299,379
64,8,256,32,8,4,2,1,1,1,8.46815,0,1287,385
64,8,256,32,8,8,1,2,1,1,8.50066,0,213,65
64,8,256,32,8,8,2,1,1,1,8.43469,0,193,66
64,8,256,64,8,1,1,2,1,1,8.64906,0,2018,565
64,8,256,64,8,1,2,1,1,1,8.5831,0,1791,570
64,8,256,64,8,2,1,2,1,1,8.57629,0,1537,693
64,8,256,64,8,2,2,1,1,1,8.51032,0,2096,688
64,8,256,64,8,4,1,2,1,1,8.57658,0,242,79
64,8,256,64,8,4,2,1,1,1,8.51061,0,202,76
64,8,256,64,8,8,1,2,1,1,8.52957,0,201,77
64,8,256,64,8,8,2,1,1,1,8.4636,0,189,80
64,8,256,128,8,1,1,2,1,1,8.6784,0,5975,2303
64,8,256,128,8,1,2,1,1,1,8.61243,0,5089,2313
64,8,256,128,8,2,1,2,1,1,8.66806,0,401,129
64,8,256,128,8,2,2,1,1,1,8.60209,0,272,124
64,8,256,128,8,4,1,2,1,1,8.64019,0,367,129
64,8,256,128,8,4,2,1,1,1,8.57423,0,343,125
64,8,256,128,8,8,1,2,1,1,8.50547,0,354,131
64,8,256,128,8,8,2,1,1,1,8.4395,0,411,130
64,8,256,256,8,1,1,2,1,1,8.64756,0,504,341
64,8,256,256,8,1,2,1,1,1,8.58159,0,1290,348
64,8,256,256,8,2,1,2,1,1,8.68471,0,657,263
64,8,256,256,8,2,2,1,1,1,8.61874,0,854,266
64,8,256,256,8,4,1,2,1,1,8.60141,0,641,262
64,8,256,256,8,4,2,1,1,1,8.53544,0,895,266
64,8,512,1,4,1,1,2,1,1,9.64077,0,166,54
64,8,512,1,4,1,2,1,1,1,9.42791,0,165,51
64,8,512,1,4,2,1,2,1,1,9.93041,0,59,50
64,8,512,1,4,2,2,1,1,1,9.71754,0,65,49
64,8,512,1,4,4,1,2,1,1,9.07299,0,114,47
64,8,512,1,4,4,2,1,1,1,8.86012,0,86,47
64,8,512,2,4,1,1,2,1,1,9.56994,0,173,51
64,8,512,2,4,1,2,1,1,1,9.35707,0,159,53
64,8,512,2,4,2,1,2,1,1,9.39991,0,138,51
64,8,512,2,4,2,2,1,1,1,9.18704,0,148,50
64,8,512,2,4,4,1,2,1,1,8.95784,0,145,49
64,8,512,2,4,4,2,1,1,1,8.74498,0,126,49
64,8,512,4,4,1,1,2,1,1,9.25941,0,127,57
64,8,512,4,4,1,2,1,1,1,9.04654,0,176,57
64,8,512,4,4,2,1,2,1,1,9.13904,0,127,56
64,8,512,4,4,2,2,1,1,1,8.92617,0,153,55
64,8,512,4,4,4,1,2,1,1,8.86203,0,184,55
64,8,512,4,4,4,2,1,1,1,8.64917,0,138,54
64,8,512,8,4,1,1,2,1,1,9.1091,0,205,68
64,8,512,8,4,1,2,1,1,1,8.89624,0,131,66
64,8,512,8,4,2,1,2,1,1,8.99877,0,186,68
64,8,512,8,4,2,2,1,1,1,8.7859,0,167,66
64,8,512,8,4,4,1,2,1,1,8.81427,0,147,69
64,8,512,8,4,4,2,1,1,1,8.6014,0,238,66
64,8,512,16,4,1,1,2,1,1,9.04562,0,282,97
64,8,512,16,4,1,2,1,1,1,8.83276,0,317,96
64,8,512,16,4,2,1,2,1,1,8.9392,0,279,95
64,8,512,16,4,2,2,1,1,1,8.72633,0,223,96
64,8,512,16,4,4,1,2,1,1,8.79576,0,350,115
64,8,512,16,4,4,2,1,1,1,8.5829,0,216,111
64,8,512,32,4,1,1,2,1,1,9.01396,0,550,188
64,8,512,32,4,1,2,1,1,1,8.8011,0,373,188
64,8,512,32,4,2,1,2,1,1,8.91489,0,629,200
64,8,512,32,4,2,2,1,1,1,8.70203,0,450,202
64,8,512,32,4,4,1,2,1,1,8.80865,0,708,273
64,8,512,32,4,4,2,1,1,1,8.59578,0,818,264
64,8,512,64,4,1,1,2,1,1,8.99656,0,1703,556
64,8,512,64,4,1,2,1,1,1,8.78369,0,1385,565
64,8,512,64,4,2,1,2,1,1,8.92789,0,2068,684
64,8,512,64,4,2,2,1,1,1,8.71502,0,1643,694
64,8,512,64,4,4,1,2,1,1,8.89297,0,191,73
64,8,512,64,4,4,2,1,1,1,8.68011,0,227,73
64,8,512,128,4,1,1,2,1,1,9.0234,0,5688,2311
64,8,512,128,4,1,2,1,1,1,8.81053,0,6040,2344
64,8,512,128,4,2,1,2,1,1,9.00623,0,297,128
64,8,512,128,4,2,2,1,1,1,8.79336,0,374,129
64,8,512,128,4,4,1,2,1,1,8.90365,0,350,126
64,8,512,128,4,4,2,1,1,1,8.69078,0,307,126
64,8,512,256,4,1,1,2,1,1,8.99421,0,903,398
64,8,512,256,4,1,2,1,1,1,8.78134,0,770,399
64,8,512,256,4,2,1,2,1,1,9.03856,0,736,308
64,8,512,256,4,2,2,1,1,1,8.8257,0,677,306
64,8,512,256,4,4,1,2,1,1,8.88945,0,941,312
64,8,512,256,4,4,2,1,1,1,8.67658,0,665,311
64,8,512,512,4,1,1,2,1,1,9.01515,0,2332,1029
64,8,512,512,4,1,2,1,1,1,8.80228,0,2564,1022
64,8,512,512,4,2,1,2,1,1,8.99595,0,1968,879
64,8,512,512,4,2,2,1,1,1,8.78308,0,1748,875
64,8,1024,1,2,1,2,1,1,1,9.93016,0,120,48
64,8,1024,1,2,2,2,1,1,1,9.52201,0,92,42
64,8,1024,2,2,1,2,1,1,1,9.82861,0,130,48
64,8,1024,2,2,2,2,1,1,1,9.29847,0,135,46
64,8,1024,4,2,1,2,1,1,1,9.47002,0,113,48
64,8,1024,4,2,2,2,1,1,1,9.08771,0,107,46
64,8,1024,8,2,1,2,1,1,1,9.28291,0,162,56
64,8,1024,8,2,2,2,1,1,1,8.9926,0,164,53
64,8,1024,16,2,1,2,1,1,1,9.21286,0,161,76
64,8,1024,16,2,2,2,1,1,1,8.94619,0,230,76
64,8,1024,32,2,1,2,1,1,1,9.18255,0,348,153
64,8,1024,32,2,2,2,1,1,1,8.93206,0,290,136
64,8,1024,64,2,1,2,1,1,1,9.15839,0,1400,457
64,8,1024,64,2,2,2,1,1,1,8.94318,0,791,378
64,8,1024,128,2,1,2,1,1,1,9.1812,0,5755,1930
64,8,1024,128,2,2,2,1,1,1,9.13795,0,349,121
64,8,1024,256,2,1,2,1,1,1,9.15033,0,832,386
64,8,1024,256,2,2,2,1,1,1,9.15352,0,997,325
64,8,1024,512,2,1,2,1,1,1,9.16735,0,2746,1208
64,8,1024,512,2,2,2,1,1,1,9.1559,0,2565,1059
64,16,2,1,512,1,1,2,1,1,9.21511,0,171,54
64,16,2,1,512,1,2,1,1,1,8.64077,0,182,54
64,16,2,1,512,2,1,2,1,1,9.21533,0,132,54
64,16,2,1,512,2,2,1,1,1,8.64099,0,178,54
64,16,2,1,512,4,1,2,1,1,8.67125,0,112,52
64,16,2,1,512,4,2,1,1,1,8.09692,0,108,51
64,16,2,1,512,8,1,2,1,1,8.51195,0,115,52
64,16,2,1,512,8,2,1,1,1,7.93761,0,159,53
64,16,2,1,512,16,1,2,1,1,8.46208,0,146,58
64,16,2,1,512,16,2,1,1,1,7.88774,0,85,56
64,16,2,1,512,32,1,2,1,1,8.45697,0,222,72
64,16,2,1,512,32,2,1,1,1,7.88263,0,217,70
64,16,2,1,512,64,1,2,1,1,8.43984,0,283,113
64,16,2,1,512,64,2,1,1,1,7.8655,0,313,115
64,16,2,1,512,128,1,2,1,1,8.46483,0,580,252
64,16,2,1,512,128,2,1,1,1,7.89049,0,735,259
64,16,2,1,512,256,1,2,1,1,8.51793,0,1846,775
64,16,2,1,512,256,2,1,1,1,7.94359,0,1851,767
64,16,2,2,512,1,1,2,1,1,8.76474,0,158,47
64,16,2,2,512,1,2,1,1,1,8.1904,0,138,51
64,16,2,2,512,2,1,2,1,1,8.61553,0,128,48
64,16,2,2,512,2,2,1,1,1,8.04119,0,124,47
64,16,2,2,512,4,1,2,1,1,8.48797,0,119,49
64,16,2,2,512,4,2,1,1,1,7.91363,0,155,46
64,16,2,2,512,8,1,2,1,1,8.43152,0,137,51
64,16,2,2,512,8,2,1,1,1,7.85718,0,160,52
64,16,2,2,512,16,1,2,1,1,8.41458,0,178,63
64,16,2,2,512,16,2,1,1,1,7.84024,0,136,61
64,16,2,2,512,32,1,2,1,1,8.41543,0,253,100
64,16,2,2,512,32,2,1,1,1,7.84109,0,320,98
64,16,2,2,512,64,1,2,1,1,8.42916,0,349,218
64,16,2,2,512,64,2,1,1,1,7.85482,0,585,229
64,16,2,2,512,128,1,2,1,1,8.41958,0,180,78
64,16,2,2,512,128,2,1,1,1,7.84524,0,195,79
64,16,2,2,512,256,1,2,1,1,8.46379,0,225,80
64,16,2,2,512,256,2,1,1,1,7.88945,0,173,80
64,16,4,1,256,1,1,2,1,1,8.95515,0,185,59
64,16,4,1,256,1,2,1,1,1,8.64957,0,149,56
64,16,4,1,256,2,1,2,1,1,8.95543,0,190,57
64,16,4,1,256,2,2,1,1,1,8.64985,0,147,55
64,16,4,1,256,4,1,2,1,1,8.41199,0,88,52
64,16,4,1,256,4,2,1,1,1,8.1064,0,138,53
64,16,4,1,256,8,1,2,1,1,8.25144,0,120,57
64,16,4,1,256,8,2,1,1,1,7.94586,0,179,55
64,16,4,1,256,16,1,2,1,1,8.20424,0,138,61
64,16,4,1,256,16,2,1,1,1,7.89865,0,136,60
64,16,4,1,256,32,1,2,1,1,8.19476,0,173,72
64,16,4,1,256,32,2,1,1,1,7.88917,0,161,74
64,16,4,1,256,64,1,2,1,1,8.18045,0,350,118
64,16,4,1,256,64,2,1,1,1,7.87486,0,284,119
64,16,4,1,256,128,1,2,1,1,8.20382,0,748,261
64,16,4,1,256,128,2,1,1,1,7.89823,0,564,262
64,16,4,1,256,256,1,2,1,1,8.17968,0,132,60
64,16,4,1,256,256,2,1,1,1,7.87409,0,164,59
64,16,4,2,256,1,1,2,1,1,8.50503,0,112,51
64,16,4,2,256,1,2,1,1,1,8.19945,0,151,52
64,16,4,2,256,2,1,2,1,1,8.35335,0,172,52
64,16,4,2,256,2,2,1,1,1,8.04777,0,113,51
64,16,4,2,256,4,1,2,1,1,8.22801,0,113,51
64,16,4,2,256,4,2,1,1,1,7.92242,0,111,50
64,16,4,2,256,8,1,2,1,1,8.17375,0,188,54
64,16,4,2,256,8,2,1,1,1,7.86816,0,169,55
64,16,4,2,256,16,1,2,1,1,8.15501,0,144,68
64,16,4,2,256,16,2,1,1,1,7.84943,0,141,66
64,16,4,2,256,32,1,2,1,1,8.1565,0,326,108
64,16,4,2,256,32,2,1,1,1,7.85091,0,230,108
64,16,4,2,256,64,1,2,1,1,8.1688,0,583,236
64,16,4,2,256,64,2,1,1,1,7.86321,0,529,251
64,16,4,2,256,128,1,2,1,1,8.15807,0,195,87
64,16,4,2,256,128,2,1,1,1,7.85248,0,261,87
64,16,4,2,256,256,1,2,1,1,8.17155,0,252,78
64,16,4,2,256,256,2,1,1,1,7.86596,0,156,75
64,16,4,4,256,1,1,2,1,1,8.31292,0,112,49
64,16,4,4,256,1,2,1,1,1,8.00733,0,161,52
64,16,4,4,256,2,1,2,1,1,8.23566,0,160,49
64,16,4,4,256,2,2,1,1,1,7.93008,0,146,50
64,16,4,4,256,4,1,2,1,1,8.16504,0,138,53
64,16,4,4,256,4,2,1,1,1,7.85946,0,164,53
64,16,4,4,256,8,1,2,1,1,8.14064,0,114,61
64,16,4,4,256,8,2,1,1,1,7.83506,0,141,67
64,16,4,4,256,16,1,2,1,1,8.13147,0,264,99
64,16,4,4,256,16,2,1,1,1,7.82589,0,243,99
64,16,4,4,256,32,1,2,1,1,8.20025,0,165,59
64,16,4,4,256,32,2,1,1,1,7.89467,0,180,59
64,16,4,4,256,64,1,2,1,1,8.20121,0,184,59
64,16,4,4,256,64,2,1,1,1,7.89563,0,155,58
64,16,4,4,256,128,1,2,1,1,8.24741,0,121,58
64,16,4,4,256,128,2,1,1,1,7.94182,0,124,58
64,16,8,1,128,1,1,2,1,1,8.85413,0,191,57
64,16,8,1,128,1,2,1,1,1,8.65888,0,136,58
64,16,8,1,128,2,1,2,1,1,8.85437,0,133,57
64,16,8,1,128,2,2,1,1,1,8.65912,0,140,56
64,16,8,1,128,4,1,2,1,1,8.31213,0,125,56
64,16,8,1,128,4,2,1,1,1,8.11688,0,136,56
64,16,8,1,128,8,1,2,1,1,8.15231,0,152,56
64,16,8,1,128,8,2,1,1,1,7.95706,0,147,55
64,16,8,1,128,16,1,2,1,1,8.09995,0,125,61
64,16,8,1,128,16,2,1,1,1,7.9047,0,131,60
64,16,8,1,128,32,1,2,1,1,8.09291,0,203,74
64,16,8,1,128,32,2,1,1,1,7.89766,0,238,75
64,16,8,1,128,64,1,2,1,1,8.07896,0,378,120
64,16,8,1,128,64,2,1,1,1,7.88371,0,275,123
64,16,8,1,128,128,1,2,1,1,8.07293,0,198,62
64,16,8,1,128,128,2,1,1,1,7.87768,0,139,61
64,16,8,2,128,1,1,2,1,1,8.4041,0,134,55
64,16,8,2,128,1,2,1,1,1,8.20885,0,145,53
64,16,8,2,128,2,1,2,1,1,8.25431,0,122,52
64,16,8,2,128,2,2,1,1,1,8.05906,0,114,52
64,16,8,2,128,4,1,2,1,1,8.12533,0,125,53
64,16,8,2,128,4,2,1,1,1,7.93008,0,117,52
64,16,8,2,128,8,1,2,1,1,8.0691,0,178,57
64,16,8,2,128,8,2,1,1,1,7.87385,0,176,58
64,16,8,2,128,16,1,2,1,1,8.05266,0,149,70
64,16,8,2,128,16,2,1,1,1,7.85741,0,140,68
64,16,8,2,128,32,1,2,1,1,8.05491,0,253,107
64,16,8,2,128,32,2,1,1,1,7.85966,0,213,106
64,16,8,2,128,64,1,2,1,1,8.06772,0,559,248
64,16,8,2,128,64,2,1,1,1,7.87247,0,697,246
64,16,8,2,128,128,1,2,1,1,8.04072,0,176,80
64,16,8,2,128,128,2,1,1,1,7.84547,0,184,80
64,16,8,4,128,1,1,2,1,1,8.21111,0,142,58
64,16,8,4,128,1,2,1,1,1,8.01586,0,175,57
64,16,8,4,128,2,1,2,1,1,8.13528,0,122,54
64,16,8,4,128,2,2,1,1,1,7.94003,0,121,54
64,16,8,4,128,4,1,2,1,1,8.06372,0,116,59
64,16,8,4,128,4,2,1,1,1,7.86847,0,190,60
64,16,8,4,128,8,1,2,1,1,8.03685,0,227,69
64,16,8,4,128,8,2,1,1,1,7.8416,0,146,67
64,16,8,4,128,16,1,2,1,1,8.03119,0,223,106
64,16,8,4,128,16,2,1,1,1,7.83594,0,314,110
64,16,8,4,128,32,1,2,1,1,8.09932,0,156,65
64,16,8,4,128,32,2,1,1,1,7.90407,0,157,64
64,16,8,4,128,64,1,2,1,1,8.09793,0,173,64
64,16,8,4,128,64,2,1,1,1,7.90268,0,145,65
64,16,8,4,128,128,1,2,1,1,8.09774,0,159,59
64,16,8,4,128,128,2,1,1,1,7.90249,0,188,58
64,16,8,8,128,1,1,2,1,1,8.14394,0,128,60
64,16,8,8,128,1,2,1,1,1,7.94869,0,152,60
64,16,8,8,128,2,1,2,1,1,8.08519,0,132,58
64,16,8,8,128,2,2,1,1,1,7.88994,0,151,56
64,16,8,8,128,4,1,2,1,1,8.0392,0,145,66
64,16,8,8,128,4,2,1,1,1,7.84395,0,165,65
64,16,8,8,128,8,1,2,1,1,8.0237,0,279,104
64,16,8,8,128,8,2,1,1,1,7.82845,0,327,108
64,16,8,8,128,16,1,2,1,1,8.03683,0,549,240
64,16,8,8,128,16,2,1,1,1,7.84158,0,603,246
64,16,8,8,128,32,1,2,1,1,8.10684,0,136,62
64,16,8,8,128,32,2,1,1,1,7.91159,0,174,59
64,16,8,8,128,64,1,2,1,1,8.14934,0,143,61
64,16,8,8,128,64,2,1,1,1,7.95409,0,149,60
64,16,16,1,64,1,1,2,1,1,8.75157,0,183,54
64,16,16,1,64,1,2,1,1,1,8.68336,0,138,56
64,16,16,1,64,2,1,2,1,1,8.75186,0,166,55
64,16,16,1,64,2,2,1,1,1,8.68364,0,126,57
64,16,16,1,64,4,1,2,1,1,8.21193,0,123,52
64,16,16,1,64,4,2,1,1,1,8.14372,0,119,55
64,16,16,1,64,8,1,2,1,1,8.04875,0,125,54
64,16,16,1,64,8,2,1,1,1,7.98054,0,191,55
64,16,16,1,64,16,1,2,1,1,7.99616,0,153,59
64,16,16,1,64,16,2,1,1,1,7.92794,0,120,60
64,16,16,1,64,32,1,2,1,1,7.98898,0,160,72
64,16,16,1,64,32,2,1,1,1,7.92076,0,167,72
64,16,16,1,64,64,1,2,1,1,7.95947,0,152,58
64,16,16,1,64,64,2,1,1,1,7.89126,0,191,60
64,16,16,2,64,1,1,2,1,1,8.29894,0,119,50
64,16,16,2,64,1,2,1,1,1,8.23072,0,124,53
64,16,16,2,64,2,1,2,1,1,8.15428,0,155,50
64,16,16,2,64,2,2,1,1,1,8.08607,0,153,51
64,16,16,2,64,4,1,2,1,1,8.02498,0,126,53
64,16,16,2,64,4,2,1,1,1,7.95677,0,107,52
64,16,16,2,64,8,1,2,1,1,7.96629,0,129,54
64,16,16,2,64,8,2,1,1,1,7.89808,0,131,56
64,16,16,2,64,16,1,2,1,1,7.94718,0,156,67
64,16,16,2,64,16,2,1,1,1,7.87896,0,204,67
64,16,16,2,64,32,1,2,1,1,7.95141,0,237,105
64,16,16,2,64,32,2,1,1,1,7.8832,0,312,108
64,16,16,2,64,64,1,2,1,1,7.92855,0,158,77
64,16,16,2,64,64,2,1,1,1,7.86034,0,163,76
64,16,16,4,64,1,1,2,1,1,8.1071,0,148,54
64,16,16,4,64,1,2,1,1,1,8.03888,0,132,58
64,16,16,4,64,2,1,2,1,1,8.03093,0,152,51
64,16,16,4,64,2,2,1,1,1,7.96271,0,115,52
64,16,16,4,64,4,1,2,1,1,7.95839,0,154,56
64,16,16,4,64,4,2,1,1,1,7.89017,0,182,58
64,16,16,4,64,8,1,2,1,1,7.93207,0,173,70
64,16,16,4,64,8,2,1,1,1,7.86385,0,170,70
64,16,16,4,64,16,1,2,1,1,7.92552,0,199,110
64,16,16,4,64,16,2,1,1,1,7.85731,0,234,108
64,16,16,4,64,32,1,2,1,1,7.99161,0,133,62
64,16,16,4,64,32,2,1,1,1,7.92339,0,123,64
64,16,16,4,64,64,1,2,1,1,7.9677,0,156,57
64,16,16,4,64,64,2,1,1,1,7.89948,0,157,59
64,16,16,8,64,1,1,2,1,1,8.03902,0,148,62
64,16,16,8,64,1,2,1,1,1,7.97081,0,210,67
64,16,16,8,64,2,1,2,1,1,7.97546,0,179,62
64,16,16,8,64,2,2,1,1,1,7.90725,0,189,61
64,16,16,8,64,4,1,2,1,1,7.93194,0,168,72
64,16,16,8,64,4,2,1,1,1,7.86373,0,224,76
64,16,16,8,64,8,1,2,1,1,7.91848,0,299,111
64,16,16,8,64,8,2,1,1,1,7.85026,0,271,115
64,16,16,8,64,16,1,2,1,1,7.93081,0,572,257
64,16,16,8,64,16,2,1,1,1,7.8626,0,596,256
64,16,16,8,64,32,1,2,1,1,7.99782,0,196,62
64,16,16,8,64,32,2,1,1,1,7.9296,0,161,66
64,16,16,8,64,64,1,2,1,1,7.98955,0,173,59
64,16,16,8,64,64,2,1,1,1,7.92134,0,127,62
64,16,16,16,64,1,1,2,1,1,8.01496,0,152,77
64,16,16,16,64,1,2,1,1,1,7.94675,0,225,81
64,16,16,16,64,2,1,2,1,1,7.95445,0,180,77
64,16,16,16,64,2,2,1,1,1,7.88624,0,193,76
64,16,16,16,64,4,1,2,1,1,7.92606,0,303,120
64,16,16,16,64,4,2,1,1,1,7.85784,0,284,120
64,16,16,16,64,8,1,2,1,1,7.93192,0,588,264
64,16,16,16,64,8,2,1,1,1,7.86371,0,690,265
64,16,16,16,64,16,1,2,1,1,7.96152,0,123,56
64,16,16,16,64,16,2,1,1,1,7.89331,0,132,54
64,16,16,16,64,32,1,2,1,1,8.05355,0,136,59
64,16,16,16,64,32,2,1,1,1,7.98533,0,178,61
64,16,32,1,32,1,1,2,1,1,8.73803,0,124,58
64,16,32,1,32,1,2,1,1,1,8.72457,0,143,58
64,16,32,1,32,2,1,2,1,1,8.73861,0,135,57
64,16,32,1,32,2,2,1,1,1,8.72515,0,121,57
64,16,32,1,32,4,1,2,1,1,8.20221,0,132,57
64,16,32,1,32,4,2,1,1,1,8.18875,0,171,56
64,16,32,1,32,8,1,2,1,1,8.0371,0,166,54
64,16,32,1,32,8,2,1,1,1,8.02364,0,124,55
64,16,32,1,32,16,1,2,1,1,7.98206,0,136,60
64,16,32,1,32,16,2,1,1,1,7.9686,0,169,60
64,16,32,1,32,32,1,2,1,1,7.95048,0,126,60
64,16,32,1,32,32,2,1,1,1,7.93702,0,130,59
64,16,32,2,32,1,1,2,1,1,8.28439,0,124,53
64,16,32,2,32,1,2,1,1,1,8.27093,0,120,54
64,16,32,2,32,2,1,2,1,1,8.14019,0,136,50
64,16,32,2,32,2,2,1,1,1,8.12673,0,159,54
64,16,32,2,32,4,1,2,1,1,8.01073,0,129,53
64,16,32,2,32,4,2,1,1,1,7.99727,0,130,54
64,16,32,2,32,8,1,2,1,1,7.94964,0,183,57
64,16,32,2,32,8,2,1,1,1,7.93618,0,100,54
64,16,32,2,32,16,1,2,1,1,7.93198,0,169,68
64,16,32,2,32,16,2,1,1,1,7.91852,0,200,68
64,16,32,2,32,32,1,2,1,1,7.90988,0,189,80
64,16,32,2,32,32,2,1,1,1,7.89642,0,219,78
64,16,32,4,32,1,1,2,1,1,8.09035,0,166,57
64,16,32,4,32,1,2,1,1,1,8.07689,0,148,60
64,16,32,4,32,2,1,2,1,1,8.01648,0,118,55
64,16,32,4,32,2,2,1,1,1,8.00302,0,139,54
64,16,32,4,32,4,1,2,1,1,7.94064,0,138,57
64,16,32,4,32,4,2,1,1,1,7.92718,0,137,60
64,16,32,4,32,8,1,2,1,1,7.91383,0,206,71
64,16,32,4,32,8,2,1,1,1,7.90037,0,181,70
64,16,32,4,32,16,1,2,1,1,7.90775,0,316,112
64,16,32,4,32,16,2,1,1,1,7.89429,0,289,111
64,16,32,4,32,32,1,2,1,1,7.94892,0,138,60
64,16,32,4,32,32,2,1,1,1,7.93546,0,165,62
64,16,32,8,32,1,1,2,1,1,8.01949,0,173,64
64,16,32,8,32,1,2,1,1,1,8.00603,0,172,66
64,16,32,8,32,2,1,2,1,1,7.95598,0,165,62
64,16,32,8,32,2,2,1,1,1,7.94252,0,144,60
64,16,32,8,32,4,1,2,1,1,7.91199,0,187,75
64,16,32,8,32,4,2,1,1,1,7.89853,0,170,73
64,16,32,8,32,8,1,2,1,1,7.8973,0,330,118
64,16,32,8,32,8,2,1,1,1,7.88385,0,294,116
64,16,32,8,32,16,1,2,1,1,7.90985,0,636,260
64,16,32,8,32,16,2,1,1,1,7.89639,0,800,254
64,16,32,8,32,32,1,2,1,1,7.95228,0,138,63
64,16,32,8,32,32,2,1,1,1,7.93882,0,154,62
64,16,32,16,32,1,1,2,1,1,7.99373,0,178,89
64,16,32,16,32,1,2,1,1,1,7.98028,0,222,92
64,16,32,16,32,2,1,2,1,1,7.93327,0,217,89
64,16,32,16,32,2,2,1,1,1,7.91982,0,227,91
64,16,32,16,32,4,1,2,1,1,7.90709,0,405,131
64,16,32,16,32,4,2,1,1,1,7.89363,0,354,133
64,16,32,16,32,8,1,2,1,1,7.91123,0,726,290
64,16,32,16,32,8,2,1,1,1,7.89777,0,843,287
64,16,32,16,32,16,1,2,1,1,7.9446,0,167,63
64,16,32,16,32,16,2,1,1,1,7.93114,0,180,59
64,16,32,16,32,32,1,2,1,1,7.97709,0,164,62
64,16,32,16,32,32,2,1,1,1,7.96363,0,138,63
64,16,32,32,32,1,1,2,1,1,7.99652,0,346,160
64,16,32,32,32,1,2,1,1,1,7.98306,0,379,158
64,16,32,32,32,2,1,2,1,1,7.93044,0,505,164
64,16,32,32,32,2,2,1,1,1,7.91698,0,364,162
64,16,32,32,32,4,1,2,1,1,7.92377,0,592,318
64,16,32,32,32,4,2,1,1,1,7.91031,0,539,317
64,16,32,32,32,8,1,2,1,1,7.9407,0,199,62
64,16,32,32,32,8,2,1,1,1,7.92724,0,112,62
64,16,32,32,32,16,1,2,1,1,7.99076,0,135,60
64,16,32,32,32,16,2,1,1,1,7.9773,0,185,60
64,16,64,1,16,1,1,2,1,1,8.84303,0,176,58
64,16,64,1,16,1,2,1,1,1,8.78888,0,143,58
64,16,64,1,16,2,1,2,1,1,8.84356,0,192,59
64,16,64,1,16,2,2,1,1,1,8.7894,0,182,58
64,16,64,1,16,4,1,2,1,1,8.30941,0,184,57
64,16,64,1,16,4,2,1,1,1,8.25526,0,182,53
64,16,64,1,16,8,1,2,1,1,8.1457,0,153,57
64,16,64,1,16,8,2,1,1,1,8.09154,0,154,55
64,16,64,1,16,16,1,2,1,1,7.99277,0,169,55
64,16,64,1,16,16,2,1,1,1,7.93861,0,134,50
64,16,64,2,16,1,1,2,1,1,8.38592,0,142,52
64,16,64,2,16,1,2,1,1,1,8.33176,0,179,52
64,16,64,2,16,2,1,2,1,1,8.24475,0,143,51
64,16,64,2,16,2,2,1,1,1,8.19059,0,160,50
64,16,64,2,16,4,1,2,1,1,8.1083,0,185,51
64,16,64,2,16,4,2,1,1,1,8.05414,0,169,51
64,16,64,2,16,8,1,2,1,1,8.05019,0,169,56
64,16,64,2,16,8,2,1,1,1,7.99603,0,170,54
64,16,64,2,16,16,1,2,1,1,7.98561,0,199,62
64,16,64,2,16,16,2,1,1,1,7.93146,0,232,61
64,16,64,4,16,1,1,2,1,1,8.183,0,149,56
64,16,64,4,16,1,2,1,1,1,8.12885,0,219,57
64,16,64,4,16,2,1,2,1,1,8.10974,0,174,53
64,16,64,4,16,2,2,1,1,1,8.05558,0,142,51
64,16,64,4,16,4,1,2,1,1,8.03569,0,189,59
64,16,64,4,16,4,2,1,1,1,7.98154,0,179,58
64,16,64,4,16,8,1,2,1,1,8.00889,0,124,68
64,16,64,4,16,8,2,1,1,1,7.95473,0,204,66
64,16,64,4,16,16,1,2,1,1,7.98214,0,283,95
64,16,64,4,16,16,2,1,1,1,7.92798,0,298,98
64,16,64,8,16,1,1,2,1,1,8.11296,0,236,69
64,16,64,8,16,1,2,1,1,1,8.05881,0,174,65
64,16,64,8,16,2,1,2,1,1,8.05186,0,161,64
64,16,64,8,16,2,2,1,1,1,7.99771,0,181,61
64,16,64,8,16,4,1,2,1,1,8.00277,0,185,73
64,16,64,8,16,4,2,1,1,1,7.94861,0,201,73
64,16,64,8,16,8,1,2,1,1,7.99139,0,295,116
64,16,64,8,16,8,2,1,1,1,7.93724,0,288,112
64,16,64,8,16,16,1,2,1,1,7.99351,0,658,216
64,16,64,8,16,16,2,1,1,1,7.93935,0,488,214
64,16,64,16,16,1,1,2,1,1,8.08407,0,314,95
64,16,64,16,16,1,2,1,1,1,8.02991,0,216,88
64,16,64,16,16,2,1,2,1,1,8.02582,0,283,91
64,16,64,16,16,2,2,1,1,1,7.97166,0,253,86
64,16,64,16,16,4,1,2,1,1,7.99986,0,366,132
64,16,64,16,16,4,2,1,1,1,7.9457,0,340,132
64,16,64,16,16,8,1,2,1,1,8.00225,0,641,294
64,16,64,16,16,8,2,1,1,1,7.94809,0,780,288
64,16,64,16,16,16,1,2,1,1,7.99238,0,173,56
64,16,64,16,16,16,2,1,1,1,7.93822,0,116,52
64,16,64,32,16,1,1,2,1,1,8.08719,0,477,183
64,16,64,32,16,1,2,1,1,1,8.03303,0,405,187
64,16,64,32,16,2,1,2,1,1,8.02348,0,506,196
64,16,64,32,16,2,2,1,1,1,7.96932,0,489,193
64,16,64,32,16,4,1,2,1,1,8.01138,0,917,376
64,16,64,32,16,4,2,1,1,1,7.95722,0,834,367
64,16,64,32,16,8,1,2,1,1,8.02961,0,214,67
64,16,64,32,16,8,2,1,1,1,7.97545,0,215,66
64,16,64,32,16,16,1,2,1,1,8.01321,0,185,60
64,16,64,32,16,16,2,1,1,1,7.95906,0,191,58
64,16,64,64,16,1,1,2,1,1,8.08554,0,1012,454
64,16,64,64,16,1,2,1,1,1,8.03138,0,1066,456
64,16,64,64,16,2,1,2,1,1,8.04,0,1451,568
64,16,64,64,16,2,2,1,1,1,7.98584,0,1530,570
64,16,64,64,16,4,1,2,1,1,8.07451,0,205,68
64,16,64,64,16,4,2,1,1,1,8.02035,0,152,65
64,16,64,64,16,8,1,2,1,1,8.08046,0,206,73
64,16,64,64,16,8,2,1,1,1,8.0263,0,148,71
64,16,128,1,8,1,1,2,1,1,9.03148,0,148,57
64,16,128,1,8,1,2,1,1,1,8.96813,0,173,57
64,16,128,1,8,2,1,2,1,1,9.0319,0,115,56
64,16,128,1,8,2,2,1,1,1,8.96854,0,142,56
64,16,128,1,8,4,1,2,1,1,8.50605,0,149,54
64,16,128,1,8,4,2,1,1,1,8.4427,0,169,53
64,16,128,1,8,8,1,2,1,1,8.18979,0,146,49
64,16,128,1,8,8,2,1,1,1,8.12644,0,145,49
64,16,128,2,8,1,1,2,1,1,8.57317,0,157,53
64,16,128,2,8,1,2,1,1,1,8.50981,0,157,54
64,16,128,2,8,2,1,2,1,1,8.44435,0,125,52
64,16,128,2,8,2,2,1,1,1,8.38099,0,155,52
64,16,128,2,8,4,1,2,1,1,8.29442,0,143,53
64,16,128,2,8,4,2,1,1,1,8.23106,0,155,52
64,16,128,2,8,8,1,2,1,1,8.15577,0,155,51
64,16,128,2,8,8,2,1,1,1,8.09241,0,142,51
64,16,128,4,8,1,1,2,1,1,8.35906,0,151,56
64,16,128,4,8,1,2,1,1,1,8.2957,0,126,57
64,16,128,4,8,2,1,2,1,1,8.28773,0,150,54
64,16,128,4,8,2,2,1,1,1,8.22438,0,146,53
64,16,128,4,8,4,1,2,1,1,8.21406,0,158,57
64,16,128,4,8,4,2,1,1,1,8.1507,0,147,58
64,16,128,4,8,8,1,2,1,1,8.14031,0,196,64
64,16,128,4,8,8,2,1,1,1,8.07696,0,179,63
64,16,128,8,8,1,1,2,1,1,8.28397,0,165,67
64,16,128,8,8,1,2,1,1,1,8.22062,0,203,66
64,16,128,8,8,2,1,2,1,1,8.22181,0,153,63
64,16,128,8,8,2,2,1,1,1,8.15846,0,175,62
64,16,128,8,8,4,1,2,1,1,8.17906,0,164,75
64,16,128,8,8,4,2,1,1,1,8.1157,0,221,77
64,16,128,8,8,8,1,2,1,1,8.13656,0,298,100
64,16,128,8,8,8,2,1,1,1,8.0732,0,236,98
64,16,128,16,8,1,1,2,1,1,8.25237,0,278,95
64,16,128,16,8,1,2,1,1,1,8.18901,0,197,92
64,16,128,16,8,2,1,2,1,1,8.19498,0,287,92
64,16,128,16,8,2,2,1,1,1,8.13162,0,193,91
64,16,128,16,8,4,1,2,1,1,8.16836,0,424,134
64,16,128,16,8,4,2,1,1,1,8.105,0,404,135
64,16,128,16,8,8,1,2,1,1,8.14814,0,495,233
64,16,128,16,8,8,2,1,1,1,8.08479,0,653,229
64,16,128,32,8,1,1,2,1,1,8.2544,0,540,186
64,16,128,32,8,1,2,1,1,1,8.19104,0,414,188
64,16,128,32,8,2,1,2,1,1,8.19146,0,434,193
64,16,128,32,8,2,2,1,1,1,8.1281,0,431,204
64,16,128,32,8,4,1,2,1,1,8.17975,0,950,377
64,16,128,32,8,4,2,1,1,1,8.11639,0,987,382
64,16,128,32,8,8,1,2,1,1,8.16264,0,141,65
64,16,128,32,8,8,2,1,1,1,8.09928,0,131,65
64,16,128,64,8,1,1,2,1,1,8.2516,0,1313,566
64,16,128,64,8,1,2,1,1,1,8.18824,0,1356,579
64,16,128,64,8,2,1,2,1,1,8.20697,0,1489,682
64,16,128,64,8,2,2,1,1,1,8.14362,0,1753,696
64,16,128,64,8,4,1,2,1,1,8.24441,0,193,77
64,16,128,64,8,4,2,1,1,1,8.18105,0,226,75
64,16,128,64,8,8,1,2,1,1,8.1796,0,207,80
64,16,128,64,8,8,2,1,1,1,8.11624,0,205,77
64,16,128,128,8,1,1,2,1,1,8.28384,0,3869,1899
64,16,128,128,8,1,2,1,1,1,8.22049,0,3294,1928
64,16,128,128,8,2,1,2,1,1,8.31865,0,288,107
64,16,128,128,8,2,2,1,1,1,8.25529,0,302,109
64,16,128,128,8,4,1,2,1,1,8.29183,0,293,113
64,16,128,128,8,4,2,1,1,1,8.22848,0,272,111
64,16,256,1,4,1,1,2,1,1,9.38195,0,122,55
64,16,256,1,4,1,2,1,1,1,9.16838,0,123,54
64,16,256,1,4,2,1,2,1,1,9.38759,0,111,52
64,16,256,1,4,2,2,1,1,1,9.17402,0,134,53
64,16,256,1,4,4,1,2,1,1,8.60562,0,122,49
64,16,256,1,4,4,2,1,1,1,8.39205,0,112,50
64,16,256,2,4,1,1,2,1,1,8.95471,0,139,57
64,16,256,2,4,1,2,1,1,1,8.74114,0,177,58
64,16,256,2,4,2,1,2,1,1,8.8229,0,145,54
64,16,256,2,4,2,2,1,1,1,8.60933,0,153,54
64,16,256,2,4,4,1,2,1,1,8.54505,0,126,51
64,16,256,2,4,4,2,1,1,1,8.33148,0,167,50
64,16,256,4,4,1,1,2,1,1,8.7198,0,165,58
64,16,256,4,4,1,2,1,1,1,8.50624,0,129,60
64,16,256,4,4,2,1,2,1,1,8.64569,0,136,56
64,16,256,4,4,2,2,1,1,1,8.43213,0,167,55
64,16,256,4,4,4,1,2,1,1,8.48626,0,122,53
64,16,256,4,4,4,2,1,1,1,8.27269,0,144,55
64,16,256,8,4,1,1,2,1,1,8.63351,0,147,69
64,16,256,8,4,1,2,1,1,1,8.41994,0,171,69
64,16,256,8,4,2,1,2,1,1,8.57241,0,147,65
64,16,256,8,4,2,2,1,1,1,8.35884,0,203,63
64,16,256,8,4,4,1,2,1,1,8.46207,0,168,67
64,16,256,8,4,4,2,1,1,1,8.2485,0,144,65
64,16,256,16,4,1,1,2,1,1,8.60004,0,235,95
64,16,256,16,4,1,2,1,1,1,8.38648,0,219,96
64,16,256,16,4,2,1,2,1,1,8.53942,0,268,95
64,16,256,16,4,2,2,1,1,1,8.32585,0,259,91
64,16,256,16,4,4,1,2,1,1,8.46119,0,325,114
64,16,256,16,4,4,2,1,1,1,8.24762,0,284,111
64,16,256,32,4,1,1,2,1,1,8.59486,0,406,189
64,16,256,32,4,1,2,1,1,1,8.38129,0,382,183
64,16,256,32,4,2,1,2,1,1,8.53247,0,426,198
64,16,256,32,4,2,2,1,1,1,8.3189,0,445,200
64,16,256,32,4,4,1,2,1,1,8.47667,0,592,271
64,16,256,32,4,4,2,1,1,1,8.26311,0,556,267
64,16,256,64,4,1,1,2,1,1,8.59232,0,1204,566
64,16,256,64,4,1,2,1,1,1,8.37875,0,1473,573
64,16,256,64,4,2,1,2,1,1,8.54925,0,1481,687
64,16,256,64,4,2,2,1,1,1,8.33568,0,1664,691
64,16,256,64,4,4,1,2,1,1,8.52508,0,153,72
64,16,256,64,4,4,2,1,1,1,8.31151,0,158,74
64,16,256,128,4,1,1,2,1,1,8.62322,0,3583,2256
64,16,256,128,4,1,2,1,1,1,8.40965,0,3861,2317
64,16,256,128,4,2,1,2,1,1,8.65949,0,285,130
64,16,256,128,4,2,2,1,1,1,8.44592,0,275,126
64,16,256,128,4,4,1,2,1,1,8.55101,0,264,124
64,16,256,128,4,4,2,1,1,1,8.33744,0,212,123
64,16,256,256,4,1,1,2,1,1,8.59178,0,892,340
64,16,256,256,4,1,2,1,1,1,8.37821,0,731,337
64,16,256,256,4,2,1,2,1,1,8.70861,0,588,278
64,16,256,256,4,2,2,1,1,1,8.49504,0,659,260
64,16,512,1,2,1,1,2,1,1,10.1428,0,116,54
64,16,512,1,2,1,2,1,1,1,9.6388,0,127,54
64,16,512,1,2,2,1,2,1,1,9.44855,0,107,49
64,16,512,1,2,2,2,1,1,1,8.94458,0,139,49
64,16,512,2,2,1,1,2,1,1,9.70767,0,105,51
64,16,512,2,2,1,2,1,1,1,9.2037,0,119,52
64,16,512,2,2,2,1,2,1,1,9.33591,0,106,47
64,16,512,2,2,2,2,1,1,1,8.83194,0,102,47
64,16,512,4,2,1,1,2,1,1,9.43713,0,133,54
64,16,512,4,2,1,2,1,1,1,8.93316,0,117,54
64,16,512,4,2,2,1,2,1,1,9.21265,0,100,48
64,16,512,4,2,2,2,1,1,1,8.70868,0,99,48
64,16,512,8,2,1,1,2,1,1,9.33754,0,113,60
64,16,512,8,2,1,2,1,1,1,8.83357,0,134,60
64,16,512,8,2,2,1,2,1,1,9.15698,0,127,54
64,16,512,8,2,2,2,1,1,1,8.65301,0,115,54
64,16,512,16,2,1,1,2,1,1,9.28793,0,157,80
64,16,512,16,2,1,2,1,1,1,8.78396,0,218,78
64,16,512,16,2,2,1,2,1,1,9.13504,0,171,75
64,16,512,16,2,2,2,1,1,1,8.63107,0,153,72
64,16,512,32,2,1,1,2,1,1,9.27691,0,384,153
64,16,512,32,2,1,2,1,1,1,8.77294,0,248,147
64,16,512,32,2,2,1,2,1,1,9.13392,0,322,141
64,16,512,32,2,2,2,1,1,1,8.62995,0,326,141
64,16,512,64,2,1,1,2,1,1,9.28152,0,1115,443
64,16,512,64,2,1,2,1,1,1,8.77754,0,1058,439
64,16,512,64,2,2,1,2,1,1,9.14979,0,867,386
64,16,512,64,2,2,2,1,1,1,8.64582,0,929,383
64,16,512,128,2,1,1,2,1,1,9.30542,0,2797,1914
64,16,512,128,2,1,2,1,1,1,8.80145,0,2696,1881
64,16,512,128,2,2,1,2,1,1,9.27351,0,274,121
64,16,512,128,2,2,2,1,1,1,8.76953,0,402,127
64,16,512,256,2,1,1,2,1,1,9.28468,0,968,403
64,16,512,256,2,1,2,1,1,1,8.78071,0,962,407
64,16,512,256,2,2,1,2,1,1,9.29807,0,786,318
64,16,512,256,2,2,2,1,1,1,8.7941,0,800,329
